lat,lon,timestamp,TSM (mg/l),Temperature (˚C),Salinity (‰),Oxygen (mg/L),Oxygen (%),Conductivity (Ohm-1),Sound (m/s),Station,Sampling depth (m)
41.010731,39.768925,2013-11-26 08:30:00,None,15.71,17.92,9.2,96.7,23.81,1489.23,D1,0.75
41.010731,39.768925,2013-11-26 08:30:00,None,15.71,17.92,None,None,23.8,1489.23,D1,1.15
41.010731,39.768925,2013-11-26 08:30:00,None,15.71,17.92,None,None,23.81,1489.25,D1,1.67
41.010731,39.768925,2013-11-26 08:30:00,None,15.71,17.92,None,None,23.81,1489.26,D1,2.12
41.010731,39.768925,2013-11-26 08:30:00,None,15.71,17.92,None,None,23.81,1489.27,D1,2.64
41.010731,39.768925,2013-11-26 08:30:00,None,15.72,17.92,None,None,23.82,1489.28,D1,3.15
41.010731,39.768925,2013-11-26 08:30:00,None,15.72,17.92,None,None,23.82,1489.29,D1,3.63
41.010731,39.768925,2013-11-26 08:30:00,None,15.72,17.92,None,None,23.82,1489.3,D1,4.18
41.010731,39.768925,2013-11-26 08:30:00,None,15.72,17.93,None,None,23.82,1489.31,D1,4.61
41.010731,39.768925,2013-11-26 08:30:00,None,15.72,17.93,None,None,23.82,1489.32,D1,5.14
41.010731,39.768925,2013-11-26 08:30:00,None,15.72,17.93,None,None,23.82,1489.33,D1,5.66
41.010731,39.768925,2013-11-26 08:30:00,None,15.72,17.93,None,None,23.82,1489.34,D1,6.1
41.010731,39.768925,2013-11-26 08:30:00,None,15.72,17.93,None,None,23.82,1489.34,D1,6.6
41.010731,39.768925,2013-11-26 08:30:00,None,15.72,17.93,None,None,23.82,1489.35,D1,7.15
41.010731,39.768925,2013-11-26 08:30:00,None,15.71,17.93,None,None,23.82,1489.36,D1,7.65
41.010731,39.768925,2013-11-26 08:30:00,None,15.71,17.93,None,None,23.82,1489.36,D1,8.09
41.010731,39.768925,2013-11-26 08:30:00,None,15.71,17.93,None,None,23.82,1489.37,D1,8.6
41.010731,39.768925,2013-11-26 08:30:00,None,15.71,17.93,None,None,23.82,1489.36,D1,9.19
41.010731,39.768925,2013-11-26 08:30:00,None,15.71,17.93,None,None,23.82,1489.37,D1,9.6
41.010731,39.768925,2013-11-26 08:30:00,None,15.71,17.93,None,None,23.82,1489.37,D1,10.14
41.010731,39.768925,2013-11-26 08:30:00,None,15.64,17.93,None,None,23.79,1489.17,D1,10.62
41.010731,39.768925,2013-11-26 08:30:00,None,15.61,17.94,None,None,23.78,1489.08,D1,11.08
41.010731,39.768925,2013-11-26 08:30:00,None,15.61,17.94,None,None,23.78,1489.1,D1,11.6
41.010731,39.768925,2013-11-26 08:30:00,None,15.62,17.94,None,None,23.78,1489.13,D1,12.11
41.010731,39.768925,2013-11-26 08:30:00,None,15.61,17.94,None,None,23.78,1489.11,D1,12.62
41.010731,39.768925,2013-11-26 08:30:00,None,15.6,17.94,None,None,23.78,1489.1,D1,13.09
41.010731,39.768925,2013-11-26 08:30:00,None,15.61,17.94,None,None,23.78,1489.14,D1,13.65
41.010731,39.768925,2013-11-26 08:30:00,None,15.61,17.94,None,None,23.78,1489.12,D1,14.13
41.010731,39.768925,2013-11-26 08:30:00,None,15.58,17.94,None,None,23.77,1489.06,D1,14.6
41.010731,39.768925,2013-11-26 08:30:00,None,15.58,17.94,None,None,23.77,1489.07,D1,15.08
41.010731,39.768925,2013-11-26 08:30:00,None,15.58,17.94,None,None,23.77,1489.08,D1,15.59
41.010731,39.768925,2013-11-26 08:30:00,None,15.59,17.94,None,None,23.77,1489.1,D1,16.11
41.010731,39.768925,2013-11-26 08:30:00,None,15.59,17.94,None,None,23.77,1489.1,D1,16.62
41.010731,39.768925,2013-11-26 08:30:00,None,15.58,17.94,None,None,23.77,1489.1,D1,17.1
41.010731,39.768925,2013-11-26 08:30:00,None,15.58,17.94,None,None,23.77,1489.11,D1,17.54
41.010731,39.768925,2013-11-26 08:30:00,None,15.58,17.94,None,None,23.77,1489.12,D1,18.1
41.010731,39.768925,2013-11-26 08:30:00,None,15.58,17.94,None,None,23.77,1489.12,D1,18.56
41.010731,39.768925,2013-11-26 08:30:00,None,15.57,17.94,None,None,23.76,1489.08,D1,19.13
41.010731,39.768925,2013-11-26 08:30:00,None,15.57,17.94,None,None,23.76,1489.1,D1,19.61
41.010731,39.768925,2013-11-26 08:30:00,None,15.56,17.94,None,None,23.76,1489.07,D1,20.07
41.010731,39.768925,2013-11-26 08:30:00,None,15.56,17.94,None,None,23.76,1489.08,D1,20.56
41.010731,39.768925,2013-11-26 08:30:00,None,15.56,17.94,None,None,23.76,1489.1,D1,21.14
41.010731,39.768925,2013-11-26 08:30:00,None,15.56,17.94,None,None,23.76,1489.11,D1,21.58
41.010731,39.768925,2013-11-26 08:30:00,None,15.56,17.94,None,None,23.76,1489.12,D1,22.02
41.010731,39.768925,2013-11-26 08:30:00,None,15.56,17.94,None,None,23.76,1489.12,D1,22.56
41.010731,39.768925,2013-11-26 08:30:00,None,15.56,17.94,None,None,23.76,1489.12,D1,23.09
41.010731,39.768925,2013-11-26 08:30:00,None,15.56,17.94,None,None,23.76,1489.12,D1,23.6
41.010731,39.768925,2013-11-26 08:30:00,None,15.55,17.95,None,None,23.76,1489.1,D1,24.04
41.010731,39.768925,2013-11-26 08:30:00,None,15.52,17.94,None,None,23.73,1489.01,D1,24.58
41.010731,39.768925,2013-11-26 08:30:00,None,15.49,17.95,None,None,23.73,1488.94,D1,25.01
41.010731,39.768925,2013-11-26 08:30:00,None,15.49,17.95,None,None,23.73,1488.96,D1,25.6
41.010731,39.768925,2013-11-26 08:30:00,None,15.52,17.94,None,None,23.74,1489.03,D1,26.03
41.010731,39.768925,2013-11-26 08:30:00,None,15.49,17.95,None,None,23.73,1488.97,D1,26.57
41.010731,39.768925,2013-11-26 08:30:00,None,15.41,17.95,None,None,23.69,1488.7,D1,27.04
41.010731,39.768925,2013-11-26 08:30:00,None,15.31,17.96,None,None,23.64,1488.4,D1,27.57
41.010731,39.768925,2013-11-26 08:30:00,None,15.25,17.97,None,None,23.62,1488.21,D1,28.08
41.010731,39.768925,2013-11-26 08:30:00,None,15.22,17.97,None,None,23.61,1488.11,D1,28.49
41.010731,39.768925,2013-11-26 08:30:00,None,15.22,17.97,None,None,23.6,1488.13,D1,29.01
41.010731,39.768925,2013-11-26 08:30:00,None,15.26,17.97,None,None,23.63,1488.28,D1,29.49
41.010731,39.768925,2013-11-26 08:30:00,None,15.27,17.96,None,None,23.63,1488.31,D1,30.01
41.010731,39.768925,2013-11-26 08:30:00,None,15.23,17.97,None,None,23.61,1488.19,D1,30.52
41.010731,39.768925,2013-11-26 08:30:00,None,15.22,17.97,None,None,23.61,1488.18,D1,31.08
41.010731,39.768925,2013-11-26 08:30:00,None,15.22,17.97,None,None,23.61,1488.17,D1,31.61
41.010731,39.768925,2013-11-26 08:30:00,None,15.21,17.97,None,None,23.6,1488.16,D1,31.98
41.010731,39.768925,2013-11-26 08:30:00,None,15.21,17.97,None,None,23.6,1488.16,D1,32.48
41.010731,39.768925,2013-11-26 08:30:00,None,15.22,17.97,8.1,71.3,23.6,1488.18,D1,32.97
41.006469,39.761147,2013-11-26 09:00:00,None,15.5,17.73,8.71,87.6,23.46,1488.32,D2,0.62
41.006469,39.761147,2013-11-26 09:00:00,None,15.69,17.88,None,None,23.75,1489.12,D2,1.18
41.006469,39.761147,2013-11-26 09:00:00,None,15.7,17.9,None,None,23.78,1489.19,D2,1.64
41.006469,39.761147,2013-11-26 09:00:00,None,15.71,17.9,None,None,23.79,1489.22,D2,2.18
41.006469,39.761147,2013-11-26 09:00:00,None,15.71,17.91,None,None,23.8,1489.25,D2,2.72
41.006469,39.761147,2013-11-26 09:00:00,None,15.71,17.91,None,None,23.8,1489.27,D2,3.17
41.006469,39.761147,2013-11-26 09:00:00,None,15.72,17.92,None,None,23.81,1489.28,D2,3.63
41.006469,39.761147,2013-11-26 09:00:00,None,15.71,17.92,None,None,23.8,1489.27,D2,4.13
41.006469,39.761147,2013-11-26 09:00:00,None,15.71,17.92,None,None,23.8,1489.27,D2,4.68
41.006469,39.761147,2013-11-26 09:00:00,None,15.71,17.92,None,None,23.8,1489.28,D2,5.1
41.006469,39.761147,2013-11-26 09:00:00,None,15.7,17.92,None,None,23.8,1489.27,D2,5.66
41.006469,39.761147,2013-11-26 09:00:00,None,15.7,17.92,None,None,23.8,1489.28,D2,6.17
41.006469,39.761147,2013-11-26 09:00:00,None,15.7,17.92,None,None,23.8,1489.29,D2,6.66
41.006469,39.761147,2013-11-26 09:00:00,None,15.7,17.92,None,None,23.8,1489.29,D2,7.2
41.006469,39.761147,2013-11-26 09:00:00,None,15.71,17.92,None,None,23.8,1489.33,D2,7.66
41.006469,39.761147,2013-11-26 09:00:00,None,15.72,17.91,None,None,23.81,1489.37,D2,8.19
41.006469,39.761147,2013-11-26 09:00:00,None,15.71,17.92,None,None,23.81,1489.34,D2,8.63
41.006469,39.761147,2013-11-26 09:00:00,None,15.71,17.92,None,None,23.81,1489.35,D2,9.11
41.006469,39.761147,2013-11-26 09:00:00,None,15.71,17.92,None,None,23.81,1489.38,D2,9.65
41.006469,39.761147,2013-11-26 09:00:00,None,15.72,17.92,None,None,23.81,1489.4,D2,10.12
41.006469,39.761147,2013-11-26 09:00:00,None,15.73,17.91,None,None,23.81,1489.43,D2,10.68
41.006469,39.761147,2013-11-26 09:00:00,None,15.73,17.91,None,None,23.81,1489.44,D2,11.24
41.006469,39.761147,2013-11-26 09:00:00,None,15.73,17.91,None,None,23.81,1489.44,D2,11.62
41.006469,39.761147,2013-11-26 09:00:00,None,15.73,17.91,8.21,87.2,23.81,1489.45,D2,12.13
41.004031,39.758264,2013-11-26 09:20:00,None,15.63,17.83,8.6,85.1,23.65,1488.84,D3,0.62
41.004031,39.758264,2013-11-26 09:20:00,None,15.71,17.9,None,None,23.79,1489.22,D3,1.16
41.004031,39.758264,2013-11-26 09:20:00,None,15.71,17.91,None,None,23.8,1489.24,D3,1.62
41.004031,39.758264,2013-11-26 09:20:00,None,15.73,17.89,8.6,85.1,23.78,1489.27,D3,2.13
41.012083,39.762886,2013-11-26 09:35:00,None,15.72,17.87,9.2,98.5,23.76,1489.19,D4,0.62
41.012083,39.762886,2013-11-26 09:35:00,None,15.72,17.9,None,None,23.79,1489.25,D4,1.18
41.012083,39.762886,2013-11-26 09:35:00,None,15.73,17.91,None,None,23.81,1489.3,D4,1.64
41.012083,39.762886,2013-11-26 09:35:00,None,15.73,17.91,None,None,23.81,1489.31,D4,2.18
41.012083,39.762886,2013-11-26 09:35:00,None,15.74,17.91,None,None,23.81,1489.35,D4,2.64
41.012083,39.762886,2013-11-26 09:35:00,None,15.74,17.91,None,None,23.81,1489.36,D4,3.12
41.012083,39.762886,2013-11-26 09:35:00,None,15.74,17.91,None,None,23.82,1489.37,D4,3.64
41.012083,39.762886,2013-11-26 09:35:00,None,15.74,17.91,None,None,23.82,1489.38,D4,4.18
41.012083,39.762886,2013-11-26 09:35:00,None,15.74,17.91,None,None,23.82,1489.38,D4,4.66
41.012083,39.762886,2013-11-26 09:35:00,None,15.73,17.92,None,None,23.82,1489.37,D4,5.12
41.012083,39.762886,2013-11-26 09:35:00,None,15.73,17.92,None,None,23.82,1489.37,D4,5.71
41.012083,39.762886,2013-11-26 09:35:00,None,15.71,17.92,None,None,23.81,1489.32,D4,6.15
41.012083,39.762886,2013-11-26 09:35:00,None,15.71,17.92,None,None,23.81,1489.32,D4,6.65
41.012083,39.762886,2013-11-26 09:35:00,None,15.7,17.92,None,None,23.81,1489.31,D4,7.1
41.012083,39.762886,2013-11-26 09:35:00,None,15.7,17.93,None,None,23.81,1489.31,D4,7.68
41.012083,39.762886,2013-11-26 09:35:00,None,15.7,17.92,None,None,23.81,1489.32,D4,8.11
41.012083,39.762886,2013-11-26 09:35:00,None,15.71,17.92,None,None,23.81,1489.35,D4,8.61
41.012083,39.762886,2013-11-26 09:35:00,None,15.7,17.92,None,None,23.81,1489.35,D4,9.09
41.012083,39.762886,2013-11-26 09:35:00,None,15.71,17.92,None,None,23.81,1489.36,D4,9.66
41.012083,39.762886,2013-11-26 09:35:00,None,15.7,17.92,None,None,23.81,1489.35,D4,10.09
41.012083,39.762886,2013-11-26 09:35:00,None,15.71,17.93,None,None,23.81,1489.38,D4,10.71
41.012083,39.762886,2013-11-26 09:35:00,None,15.7,17.93,None,None,23.81,1489.38,D4,11.08
41.012083,39.762886,2013-11-26 09:35:00,None,15.7,17.93,None,None,23.81,1489.38,D4,11.62
41.012083,39.762886,2013-11-26 09:35:00,None,15.7,17.93,None,None,23.81,1489.38,D4,12.11
41.012083,39.762886,2013-11-26 09:35:00,None,15.7,17.93,None,None,23.81,1489.39,D4,12.57
41.012083,39.762886,2013-11-26 09:35:00,None,15.7,17.93,None,None,23.82,1489.41,D4,13.11
41.012083,39.762886,2013-11-26 09:35:00,None,15.7,17.93,None,None,23.81,1489.41,D4,13.57
41.012083,39.762886,2013-11-26 09:35:00,None,15.7,17.93,None,None,23.82,1489.42,D4,14.11
41.012083,39.762886,2013-11-26 09:35:00,None,15.7,17.93,None,None,23.82,1489.43,D4,14.65
41.012083,39.762886,2013-11-26 09:35:00,None,15.7,17.93,None,None,23.82,1489.44,D4,15.1
41.012083,39.762886,2013-11-26 09:35:00,None,15.7,17.93,None,None,23.82,1489.44,D4,15.59
41.012083,39.762886,2013-11-26 09:35:00,None,15.7,17.93,None,None,23.82,1489.45,D4,16.1
41.012083,39.762886,2013-11-26 09:35:00,None,15.69,17.93,None,None,23.82,1489.44,D4,16.62
41.012083,39.762886,2013-11-26 09:35:00,None,15.7,17.93,None,None,23.82,1489.47,D4,17.13
41.012083,39.762886,2013-11-26 09:35:00,None,15.7,17.93,None,None,23.82,1489.48,D4,17.56
41.012083,39.762886,2013-11-26 09:35:00,None,15.7,17.93,None,None,23.82,1489.48,D4,18.15
41.012083,39.762886,2013-11-26 09:35:00,None,15.7,17.93,None,None,23.82,1489.48,D4,18.54
41.012083,39.762886,2013-11-26 09:35:00,None,15.7,17.93,None,None,23.82,1489.5,D4,19.07
41.012083,39.762886,2013-11-26 09:35:00,None,15.67,17.93,None,None,23.8,1489.41,D4,19.54
41.012083,39.762886,2013-11-26 09:35:00,None,15.61,17.94,None,None,23.78,1489.23,D4,20.04
41.012083,39.762886,2013-11-26 09:35:00,None,15.6,17.94,None,None,23.78,1489.21,D4,20.54
41.012083,39.762886,2013-11-26 09:35:00,None,15.6,17.94,None,None,23.78,1489.22,D4,21.09
41.012083,39.762886,2013-11-26 09:35:00,None,15.6,17.94,None,None,23.78,1489.23,D4,21.6
41.012083,39.762886,2013-11-26 09:35:00,None,15.59,17.94,None,None,23.77,1489.19,D4,22.02
41.012083,39.762886,2013-11-26 09:35:00,None,15.6,17.94,None,None,23.77,1489.23,D4,22.56
41.012083,39.762886,2013-11-26 09:35:00,None,15.6,17.94,None,None,23.77,1489.24,D4,23.04
41.012083,39.762886,2013-11-26 09:35:00,None,15.56,17.94,None,None,23.76,1489.15,D4,23.6
41.012083,39.762886,2013-11-26 09:35:00,None,15.57,17.94,None,None,23.76,1489.17,D4,24.06
41.012083,39.762886,2013-11-26 09:35:00,None,15.57,17.94,None,None,23.76,1489.17,D4,24.6
41.012083,39.762886,2013-11-26 09:35:00,None,15.58,17.94,None,None,23.77,1489.21,D4,25.06
41.012083,39.762886,2013-11-26 09:35:00,None,15.57,17.94,None,None,23.77,1489.21,D4,25.57
41.012083,39.762886,2013-11-26 09:35:00,None,15.58,17.94,None,None,23.77,1489.23,D4,26.04
41.012083,39.762886,2013-11-26 09:35:00,None,15.58,17.94,None,None,23.76,1489.23,D4,26.54
41.012083,39.762886,2013-11-26 09:35:00,None,15.56,17.94,None,None,23.76,1489.19,D4,27.06
41.012083,39.762886,2013-11-26 09:35:00,None,15.56,17.94,None,None,23.76,1489.2,D4,27.54
41.012083,39.762886,2013-11-26 09:35:00,None,15.56,17.94,None,None,23.76,1489.21,D4,28.0
41.012083,39.762886,2013-11-26 09:35:00,None,15.57,17.94,None,None,23.76,1489.24,D4,28.52
41.012083,39.762886,2013-11-26 09:35:00,None,15.56,17.94,None,None,23.76,1489.23,D4,29.03
41.012083,39.762886,2013-11-26 09:35:00,None,15.56,17.94,None,None,23.76,1489.23,D4,29.57
41.012083,39.762886,2013-11-26 09:35:00,None,15.56,17.94,None,None,23.76,1489.24,D4,30.03
41.012083,39.762886,2013-11-26 09:35:00,None,15.56,17.94,None,None,23.76,1489.25,D4,30.59
41.012083,39.762886,2013-11-26 09:35:00,None,15.56,17.94,None,None,23.76,1489.25,D4,31.02
41.012083,39.762886,2013-11-26 09:35:00,None,15.56,17.94,None,None,23.76,1489.26,D4,31.52
41.012083,39.762886,2013-11-26 09:35:00,None,15.55,17.94,None,None,23.76,1489.25,D4,32.05
41.012083,39.762886,2013-11-26 09:35:00,None,15.56,17.94,None,None,23.76,1489.28,D4,32.53
41.012083,39.762886,2013-11-26 09:35:00,None,15.56,17.94,None,None,23.76,1489.28,D4,32.99
41.012083,39.762886,2013-11-26 09:35:00,None,15.56,17.94,None,None,23.76,1489.29,D4,33.49
41.012083,39.762886,2013-11-26 09:35:00,None,15.56,17.94,None,None,23.76,1489.31,D4,33.99
41.012083,39.762886,2013-11-26 09:35:00,None,15.54,17.95,None,None,23.76,1489.24,D4,34.46
41.012083,39.762886,2013-11-26 09:35:00,None,15.54,17.95,None,None,23.76,1489.25,D4,35.02
41.012083,39.762886,2013-11-26 09:35:00,None,15.54,17.95,None,None,23.76,1489.26,D4,35.53
41.012083,39.762886,2013-11-26 09:35:00,None,15.55,17.95,None,None,23.76,1489.31,D4,35.96
41.012083,39.762886,2013-11-26 09:35:00,None,15.57,17.95,None,None,23.77,1489.37,D4,36.5
41.012083,39.762886,2013-11-26 09:35:00,None,15.56,17.95,None,None,23.77,1489.35,D4,36.97
41.012083,39.762886,2013-11-26 09:35:00,None,15.58,17.94,None,None,23.77,1489.43,D4,37.45
41.012083,39.762886,2013-11-26 09:35:00,None,15.54,17.95,None,None,23.77,1489.32,D4,37.98
41.012083,39.762886,2013-11-26 09:35:00,None,15.53,17.95,None,None,23.76,1489.3,D4,38.48
41.012083,39.762886,2013-11-26 09:35:00,None,15.52,17.95,None,None,23.76,1489.28,D4,38.99
41.012083,39.762886,2013-11-26 09:35:00,None,15.51,17.96,None,None,23.75,1489.24,D4,39.44
41.012083,39.762886,2013-11-26 09:35:00,None,15.5,17.96,None,None,23.75,1489.22,D4,39.98
41.012083,39.762886,2013-11-26 09:35:00,None,15.44,17.95,None,None,23.71,1489.02,D4,40.49
41.012083,39.762886,2013-11-26 09:35:00,None,15.3,17.97,None,None,23.66,1488.61,D4,41.01
41.012083,39.762886,2013-11-26 09:35:00,None,15.28,17.97,None,None,23.65,1488.53,D4,41.44
41.012083,39.762886,2013-11-26 09:35:00,None,15.17,17.98,None,None,23.6,1488.2,D4,41.93
41.012083,39.762886,2013-11-26 09:35:00,None,15.19,17.99,None,None,23.62,1488.28,D4,42.46
41.012083,39.762886,2013-11-26 09:35:00,None,15.23,17.97,None,None,23.62,1488.41,D4,42.97
41.012083,39.762886,2013-11-26 09:35:00,None,15.16,17.98,None,None,23.58,1488.16,D4,43.42
41.012083,39.762886,2013-11-26 09:35:00,None,15.11,17.99,None,None,23.57,1488.03,D4,44.0
41.012083,39.762886,2013-11-26 09:35:00,None,15.1,17.98,None,None,23.56,1488,D4,44.44
41.012083,39.762886,2013-11-26 09:35:00,None,15.02,17.99,None,None,23.52,1487.76,D4,45.0
41.012083,39.762886,2013-11-26 09:35:00,None,15.01,17.99,None,None,23.52,1487.73,D4,45.46
41.012083,39.762886,2013-11-26 09:35:00,None,14.99,17.99,None,None,23.51,1487.67,D4,45.92
41.012083,39.762886,2013-11-26 09:35:00,None,14.98,17.99,None,None,23.5,1487.64,D4,46.46
41.012083,39.762886,2013-11-26 09:35:00,None,14.92,17.99,None,None,23.47,1487.44,D4,46.9
41.0084,39.756206,2013-11-26 09:53:00,None,15.71,17.9,9.1,97.5,23.79,1489.2,D5,0.87
41.0084,39.756206,2013-11-26 09:53:00,None,15.68,17.9,None,None,23.77,1489.12,D5,1.15
41.0084,39.756206,2013-11-26 09:53:00,None,15.7,17.9,None,None,23.78,1489.18,D5,1.66
41.0084,39.756206,2013-11-26 09:53:00,None,15.7,17.9,None,None,23.78,1489.18,D5,2.15
41.0084,39.756206,2013-11-26 09:53:00,None,15.71,17.9,None,None,23.79,1489.24,D5,2.63
41.0084,39.756206,2013-11-26 09:53:00,None,15.73,17.91,None,None,23.8,1489.3,D5,3.15
41.0084,39.756206,2013-11-26 09:53:00,None,15.72,17.91,None,None,23.8,1489.28,D5,3.68
41.0084,39.756206,2013-11-26 09:53:00,None,15.72,17.91,None,None,23.8,1489.3,D5,4.17
41.0084,39.756206,2013-11-26 09:53:00,None,15.74,17.91,None,None,23.81,1489.37,D5,4.63
41.0084,39.756206,2013-11-26 09:53:00,None,15.77,17.92,None,None,23.84,1489.48,D5,5.12
41.0084,39.756206,2013-11-26 09:53:00,None,15.77,17.92,None,None,23.84,1489.49,D5,5.61
41.0084,39.756206,2013-11-26 09:53:00,None,15.75,17.91,None,None,23.82,1489.43,D5,6.1
41.0084,39.756206,2013-11-26 09:53:00,None,15.78,17.92,None,None,23.84,1489.53,D5,6.63
41.0084,39.756206,2013-11-26 09:53:00,None,15.78,17.92,None,None,23.85,1489.55,D5,7.12
41.0084,39.756206,2013-11-26 09:53:00,None,15.78,17.92,None,None,23.85,1489.55,D5,7.6
41.0084,39.756206,2013-11-26 09:53:00,None,15.78,17.92,None,None,23.85,1489.56,D5,8.09
41.0084,39.756206,2013-11-26 09:53:00,None,15.78,17.92,None,None,23.85,1489.57,D5,8.63
41.0084,39.756206,2013-11-26 09:53:00,None,15.78,17.92,None,None,23.85,1489.58,D5,9.12
41.0084,39.756206,2013-11-26 09:53:00,None,15.78,17.92,None,None,23.85,1489.59,D5,9.63
41.0084,39.756206,2013-11-26 09:53:00,None,15.78,17.92,None,None,23.85,1489.6,D5,10.11
41.0084,39.756206,2013-11-26 09:53:00,None,15.78,17.92,None,None,23.85,1489.6,D5,10.58
41.0084,39.756206,2013-11-26 09:53:00,None,15.78,17.92,None,None,23.85,1489.61,D5,11.09
41.0084,39.756206,2013-11-26 09:53:00,None,15.77,17.92,None,None,23.85,1489.61,D5,11.6
41.0084,39.756206,2013-11-26 09:53:00,None,15.78,17.92,None,None,23.85,1489.63,D5,12.09
41.0084,39.756206,2013-11-26 09:53:00,None,15.78,17.92,None,None,23.85,1489.64,D5,12.62
41.0084,39.756206,2013-11-26 09:53:00,None,15.78,17.92,None,None,23.85,1489.64,D5,13.11
41.0084,39.756206,2013-11-26 09:53:00,None,15.78,17.92,None,None,23.85,1489.65,D5,13.62
41.0084,39.756206,2013-11-26 09:53:00,None,15.78,17.92,None,None,23.85,1489.66,D5,14.06
41.0084,39.756206,2013-11-26 09:53:00,None,15.77,17.92,None,None,23.85,1489.66,D5,14.59
41.0084,39.756206,2013-11-26 09:53:00,None,15.77,17.92,None,None,23.85,1489.67,D5,15.08
41.0084,39.756206,2013-11-26 09:53:00,None,15.78,17.92,None,None,23.85,1489.68,D5,15.61
41.0084,39.756206,2013-11-26 09:53:00,None,15.77,17.92,None,None,23.85,1489.69,D5,16.05
41.0084,39.756206,2013-11-26 09:53:00,None,15.78,17.93,None,None,23.85,1489.7,D5,16.57
41.0084,39.756206,2013-11-26 09:53:00,None,15.77,17.93,None,None,23.85,1489.71,D5,17.08
41.0084,39.756206,2013-11-26 09:53:00,None,15.77,17.93,None,None,23.85,1489.71,D5,17.54
41.0084,39.756206,2013-11-26 09:53:00,None,15.77,17.93,None,None,23.85,1489.72,D5,18.08
41.0084,39.756206,2013-11-26 09:53:00,None,15.78,17.92,None,None,23.85,1489.73,D5,18.61
41.0084,39.756206,2013-11-26 09:53:00,None,15.77,17.92,8.9,91.3,23.85,1489.74,D5,19.03
41.005319,39.755806,2013-11-26 10:12:00,None,15.51,17.6,8.9,95.1,23.3,1488.18,D6,0.67
41.005319,39.755806,2013-11-26 10:12:00,None,15.53,17.68,None,None,23.42,1488.35,D6,1.15
41.005319,39.755806,2013-11-26 10:12:00,None,15.61,17.82,None,None,23.62,1488.78,D6,1.67
41.005319,39.755806,2013-11-26 10:12:00,None,15.67,17.88,None,None,23.74,1489.08,D6,2.12
41.005319,39.755806,2013-11-26 10:12:00,None,15.69,17.89,None,None,23.77,1489.16,D6,2.64
41.005319,39.755806,2013-11-26 10:12:00,None,15.69,17.9,None,None,23.77,1489.18,D6,3.12
41.005319,39.755806,2013-11-26 10:12:00,None,15.69,17.9,None,None,23.77,1489.19,D6,3.61
41.005319,39.755806,2013-11-26 10:12:00,None,15.69,17.9,None,None,23.77,1489.2,D6,4.15
41.005319,39.755806,2013-11-26 10:12:00,None,15.69,17.9,None,None,23.77,1489.2,D6,4.61
41.005319,39.755806,2013-11-26 10:12:00,None,15.69,17.91,None,None,23.78,1489.23,D6,5.1
41.005319,39.755806,2013-11-26 10:12:00,None,15.7,17.91,None,None,23.8,1489.27,D6,5.61
41.005319,39.755806,2013-11-26 10:12:00,None,15.7,17.91,None,None,23.8,1489.28,D6,6.1
41.005319,39.755806,2013-11-26 10:12:00,None,15.71,17.92,None,None,23.8,1489.3,D6,6.61
41.005319,39.755806,2013-11-26 10:12:00,None,15.71,17.92,None,None,23.8,1489.31,D6,7.14
41.005319,39.755806,2013-11-26 10:12:00,None,15.71,17.92,None,None,23.8,1489.33,D6,7.66
41.005319,39.755806,2013-11-26 10:12:00,None,15.71,17.91,8.5,92.3,23.8,1489.35,D6,8.12
41.005328,39.75,2013-11-26 10:26:00,None,15.45,17.66,9.1,89.7,23.36,1488.08,D7,0.66
41.005328,39.75,2013-11-26 10:26:00,None,15.46,17.69,None,None,23.4,1488.15,D7,1.15
41.005328,39.75,2013-11-26 10:26:00,None,15.48,17.71,None,None,23.44,1488.26,D7,1.62
41.005328,39.75,2013-11-26 10:26:00,None,15.47,17.72,None,None,23.43,1488.23,D7,2.13
41.005328,39.75,2013-11-26 10:26:00,None,15.48,17.73,None,None,23.45,1488.29,D7,2.66
41.005328,39.75,2013-11-26 10:26:00,None,15.53,17.84,None,None,23.61,1488.58,D7,3.12
41.005328,39.75,2013-11-26 10:26:00,None,15.55,17.86,None,None,23.65,1488.66,D7,3.61
41.005328,39.75,2013-11-26 10:26:00,None,15.57,17.87,None,None,23.67,1488.76,D7,4.12
41.005328,39.75,2013-11-26 10:26:00,None,15.56,17.87,None,None,23.66,1488.73,D7,4.61
41.005328,39.75,2013-11-26 10:26:00,None,15.55,17.87,None,None,23.66,1488.71,D7,5.1
41.005328,39.75,2013-11-26 10:26:00,None,15.48,17.84,None,None,23.59,1488.46,D7,5.61
41.005328,39.75,2013-11-26 10:26:00,None,15.49,17.85,None,None,23.6,1488.5,D7,6.12
41.005328,39.75,2013-11-26 10:26:00,None,15.44,17.84,None,None,23.57,1488.35,D7,6.61
41.005328,39.75,2013-11-26 10:26:00,None,15.41,17.84,None,None,23.55,1488.26,D7,7.14
41.005328,39.75,2013-11-26 10:26:00,None,15.43,17.84,None,None,23.56,1488.33,D7,7.66
41.005328,39.75,2013-11-26 10:26:00,None,15.42,17.84,None,None,23.55,1488.29,D7,8.11
41.005328,39.75,2013-11-26 10:26:00,None,15.42,17.83,None,None,23.55,1488.32,D7,8.65
41.005328,39.75,2013-11-26 10:26:00,None,15.39,17.83,None,None,23.53,1488.22,D7,9.11
41.005328,39.75,2013-11-26 10:26:00,None,15.39,17.83,None,None,23.52,1488.21,D7,9.58
41.012475,39.746764,2013-11-26 10:50:00,None,15.74,17.91,9.3,98.7,23.81,1489.31,D8,0.62
41.012475,39.746764,2013-11-26 10:50:00,None,15.75,17.91,None,None,23.82,1489.34,D8,1.15
41.012475,39.746764,2013-11-26 10:50:00,None,15.74,17.91,None,None,23.82,1489.34,D8,1.67
41.012475,39.746764,2013-11-26 10:50:00,None,15.75,17.91,None,None,23.82,1489.36,D8,2.13
41.012475,39.746764,2013-11-26 10:50:00,None,15.76,17.91,None,None,23.83,1489.41,D8,2.64
41.012475,39.746764,2013-11-26 10:50:00,None,15.77,17.91,None,None,23.83,1489.44,D8,3.13
41.012475,39.746764,2013-11-26 10:50:00,None,15.77,17.91,None,None,23.84,1489.47,D8,3.66
41.012475,39.746764,2013-11-26 10:50:00,None,15.77,17.92,None,None,23.84,1489.48,D8,4.17
41.012475,39.746764,2013-11-26 10:50:00,None,15.77,17.92,None,None,23.84,1489.48,D8,4.64
41.012475,39.746764,2013-11-26 10:50:00,None,15.77,17.92,None,None,23.84,1489.49,D8,5.1
41.012475,39.746764,2013-11-26 10:50:00,None,15.77,17.92,None,None,23.84,1489.48,D8,5.61
41.012475,39.746764,2013-11-26 10:50:00,None,15.77,17.92,None,None,23.84,1489.5,D8,6.17
41.012475,39.746764,2013-11-26 10:50:00,None,15.76,17.92,None,None,23.84,1489.49,D8,6.6
41.012475,39.746764,2013-11-26 10:50:00,None,15.75,17.92,None,None,23.83,1489.45,D8,7.15
41.012475,39.746764,2013-11-26 10:50:00,None,15.74,17.92,None,None,23.82,1489.42,D8,7.6
41.012475,39.746764,2013-11-26 10:50:00,None,15.73,17.92,None,None,23.82,1489.42,D8,8.11
41.012475,39.746764,2013-11-26 10:50:00,None,15.73,17.92,None,None,23.82,1489.43,D8,8.6
41.012475,39.746764,2013-11-26 10:50:00,None,15.73,17.92,None,None,23.82,1489.41,D8,9.12
41.012475,39.746764,2013-11-26 10:50:00,None,15.73,17.92,None,None,23.82,1489.45,D8,9.63
41.012475,39.746764,2013-11-26 10:50:00,None,15.73,17.92,None,None,23.82,1489.45,D8,10.11
41.012475,39.746764,2013-11-26 10:50:00,None,15.72,17.93,None,None,23.82,1489.43,D8,10.6
41.012475,39.746764,2013-11-26 10:50:00,None,15.72,17.92,None,None,23.82,1489.43,D8,11.08
41.012475,39.746764,2013-11-26 10:50:00,None,15.72,17.92,None,None,23.82,1489.44,D8,11.62
41.012475,39.746764,2013-11-26 10:50:00,None,15.72,17.93,None,None,23.82,1489.44,D8,12.11
41.012475,39.746764,2013-11-26 10:50:00,None,15.71,17.93,None,None,23.82,1489.42,D8,12.59
41.012475,39.746764,2013-11-26 10:50:00,None,15.71,17.92,None,None,23.81,1489.42,D8,13.11
41.012475,39.746764,2013-11-26 10:50:00,None,15.72,17.92,None,None,23.82,1489.48,D8,13.6
41.012475,39.746764,2013-11-26 10:50:00,None,15.71,17.92,None,None,23.82,1489.45,D8,14.08
41.012475,39.746764,2013-11-26 10:50:00,None,15.7,17.93,None,None,23.81,1489.41,D8,14.55
41.012475,39.746764,2013-11-26 10:50:00,None,15.68,17.93,None,None,23.8,1489.36,D8,15.13
41.012475,39.746764,2013-11-26 10:50:00,None,15.68,17.93,None,None,23.8,1489.36,D8,15.61
41.012475,39.746764,2013-11-26 10:50:00,None,15.68,17.93,None,None,23.8,1489.37,D8,16.06
41.012475,39.746764,2013-11-26 10:50:00,None,15.68,17.93,None,None,23.8,1489.38,D8,16.56
41.012475,39.746764,2013-11-26 10:50:00,None,15.68,17.92,None,None,23.8,1489.39,D8,17.07
41.012475,39.746764,2013-11-26 10:50:00,None,15.68,17.93,None,None,23.8,1489.4,D8,17.61
41.012475,39.746764,2013-11-26 10:50:00,None,15.68,17.93,None,None,23.8,1489.41,D8,18.07
41.012475,39.746764,2013-11-26 10:50:00,None,15.68,17.93,None,None,23.8,1489.42,D8,18.56
41.012475,39.746764,2013-11-26 10:50:00,None,15.68,17.93,None,None,23.8,1489.44,D8,19.08
41.012475,39.746764,2013-11-26 10:50:00,None,15.68,17.93,None,None,23.81,1489.45,D8,19.56
41.012475,39.746764,2013-11-26 10:50:00,None,15.68,17.93,None,None,23.81,1489.46,D8,20.07
41.012475,39.746764,2013-11-26 10:50:00,None,15.68,17.93,None,None,23.81,1489.46,D8,20.58
41.012475,39.746764,2013-11-26 10:50:00,None,15.68,17.93,None,None,23.81,1489.47,D8,21.09
41.012475,39.746764,2013-11-26 10:50:00,None,15.68,17.93,None,None,23.81,1489.48,D8,21.56
41.012475,39.746764,2013-11-26 10:50:00,None,15.68,17.93,None,None,23.81,1489.5,D8,22.09
41.012475,39.746764,2013-11-26 10:50:00,None,15.68,17.93,None,None,23.81,1489.5,D8,22.55
41.012475,39.746764,2013-11-26 10:50:00,None,15.68,17.93,None,None,23.81,1489.51,D8,23.06
41.012475,39.746764,2013-11-26 10:50:00,None,15.68,17.93,None,None,23.81,1489.52,D8,23.55
41.012475,39.746764,2013-11-26 10:50:00,None,15.68,17.93,None,None,23.8,1489.5,D8,24.04
41.012475,39.746764,2013-11-26 10:50:00,None,15.67,17.93,None,None,23.81,1489.5,D8,24.55
41.012475,39.746764,2013-11-26 10:50:00,None,15.66,17.93,None,None,23.81,1489.49,D8,25.04
41.012475,39.746764,2013-11-26 10:50:00,None,15.68,17.93,None,None,23.81,1489.54,D8,25.53
41.012475,39.746764,2013-11-26 10:50:00,None,15.64,17.93,None,None,23.79,1489.44,D8,26.06
41.012475,39.746764,2013-11-26 10:50:00,None,15.64,17.94,None,None,23.79,1489.44,D8,26.58
41.012475,39.746764,2013-11-26 10:50:00,None,15.63,17.93,None,None,23.79,1489.41,D8,27.04
41.012475,39.746764,2013-11-26 10:50:00,None,15.59,17.94,None,None,23.78,1489.3,D8,27.52
41.012475,39.746764,2013-11-26 10:50:00,None,15.59,17.94,None,None,23.77,1489.3,D8,28.03
41.012475,39.746764,2013-11-26 10:50:00,None,15.59,17.94,None,None,23.77,1489.3,D8,28.54
41.012475,39.746764,2013-11-26 10:50:00,None,15.53,17.94,None,None,23.75,1489.14,D8,29.05
41.012475,39.746764,2013-11-26 10:50:00,None,15.55,17.94,None,None,23.75,1489.21,D8,29.55
41.012475,39.746764,2013-11-26 10:50:00,None,15.55,17.94,None,None,23.75,1489.2,D8,30.01
41.012475,39.746764,2013-11-26 10:50:00,None,15.55,17.94,None,None,23.75,1489.21,D8,30.49
41.012475,39.746764,2013-11-26 10:50:00,None,15.52,17.94,None,None,23.74,1489.13,D8,31.05
41.012475,39.746764,2013-11-26 10:50:00,None,15.49,17.95,None,None,23.73,1489.04,D8,31.51
41.012475,39.746764,2013-11-26 10:50:00,None,15.46,17.95,None,None,23.71,1488.94,D8,32.0
41.012475,39.746764,2013-11-26 10:50:00,None,15.43,17.95,None,None,23.7,1488.87,D8,32.56
41.012475,39.746764,2013-11-26 10:50:00,None,15.42,17.95,None,None,23.7,1488.83,D8,33.03
41.012475,39.746764,2013-11-26 10:50:00,None,15.41,17.96,None,None,23.69,1488.82,D8,33.48
41.012475,39.746764,2013-11-26 10:50:00,None,15.41,17.95,None,None,23.69,1488.83,D8,33.97
41.012475,39.746764,2013-11-26 10:50:00,None,15.44,17.95,None,None,23.7,1488.92,D8,34.46
41.012475,39.746764,2013-11-26 10:50:00,None,15.43,17.95,None,None,23.7,1488.9,D8,35.02
41.012475,39.746764,2013-11-26 10:50:00,None,15.43,17.95,None,None,23.7,1488.92,D8,35.46
41.012475,39.746764,2013-11-26 10:50:00,None,15.44,17.95,None,None,23.71,1488.95,D8,35.96
41.012475,39.746764,2013-11-26 10:50:00,None,15.44,17.95,None,None,23.71,1488.95,D8,36.48
41.012475,39.746764,2013-11-26 10:50:00,None,15.44,17.95,None,None,23.71,1488.98,D8,36.96
41.012475,39.746764,2013-11-26 10:50:00,None,15.45,17.95,None,None,23.71,1489.02,D8,37.45
41.012475,39.746764,2013-11-26 10:50:00,None,15.46,17.95,None,None,23.71,1489.04,D8,37.96
41.012475,39.746764,2013-11-26 10:50:00,None,15.45,17.95,None,None,23.71,1489.01,D8,38.48
41.012475,39.746764,2013-11-26 10:50:00,None,15.43,17.95,None,None,23.7,1488.97,D8,38.96
41.012475,39.746764,2013-11-26 10:50:00,None,15.4,17.96,None,None,23.69,1488.88,D8,39.52
41.012475,39.746764,2013-11-26 10:50:00,None,15.4,17.96,8.1,74.7,23.69,1488.88,D8,39.99
41.012772,39.740344,2013-11-26 11:07:00,None,15.75,17.67,9.3,96.7,23.52,1489.05,D9,0.66
41.012772,39.740344,2013-11-26 11:07:00,None,15.76,17.89,None,None,23.8,1489.37,D9,1.15
41.012772,39.740344,2013-11-26 11:07:00,None,15.77,17.9,None,None,23.82,1489.4,D9,1.69
41.012772,39.740344,2013-11-26 11:07:00,None,15.78,17.89,None,None,23.81,1489.43,D9,2.12
41.012772,39.740344,2013-11-26 11:07:00,None,15.78,17.91,None,None,23.84,1489.47,D9,2.69
41.012772,39.740344,2013-11-26 11:07:00,None,15.78,17.91,None,None,23.84,1489.48,D9,3.13
41.012772,39.740344,2013-11-26 11:07:00,None,15.78,17.91,None,None,23.84,1489.49,D9,3.63
41.012772,39.740344,2013-11-26 11:07:00,None,15.78,17.92,None,None,23.84,1489.5,D9,4.15
41.012772,39.740344,2013-11-26 11:07:00,None,15.78,17.92,None,None,23.84,1489.5,D9,4.63
41.012772,39.740344,2013-11-26 11:07:00,None,15.78,17.92,None,None,23.84,1489.5,D9,5.15
41.012772,39.740344,2013-11-26 11:07:00,None,15.78,17.92,None,None,23.84,1489.51,D9,5.66
41.012772,39.740344,2013-11-26 11:07:00,None,15.78,17.92,None,None,23.84,1489.52,D9,6.1
41.012772,39.740344,2013-11-26 11:07:00,None,15.77,17.92,None,None,23.84,1489.52,D9,6.6
41.012772,39.740344,2013-11-26 11:07:00,None,15.78,17.92,None,None,23.84,1489.54,D9,7.1
41.012772,39.740344,2013-11-26 11:07:00,None,15.78,17.92,None,None,23.84,1489.55,D9,7.61
41.012772,39.740344,2013-11-26 11:07:00,None,15.78,17.92,None,None,23.84,1489.56,D9,8.09
41.012772,39.740344,2013-11-26 11:07:00,None,15.78,17.92,None,None,23.84,1489.56,D9,8.63
41.012772,39.740344,2013-11-26 11:07:00,None,15.78,17.92,None,None,23.84,1489.57,D9,9.09
41.012772,39.740344,2013-11-26 11:07:00,None,15.78,17.92,None,None,23.84,1489.58,D9,9.58
41.012772,39.740344,2013-11-26 11:07:00,None,15.78,17.92,None,None,23.84,1489.59,D9,10.12
41.012772,39.740344,2013-11-26 11:07:00,None,15.77,17.92,None,None,23.84,1489.59,D9,10.58
41.012772,39.740344,2013-11-26 11:07:00,None,15.77,17.92,None,None,23.84,1489.6,D9,11.08
41.012772,39.740344,2013-11-26 11:07:00,None,15.77,17.92,None,None,23.84,1489.61,D9,11.62
41.012772,39.740344,2013-11-26 11:07:00,None,15.77,17.92,None,None,23.84,1489.61,D9,12.18
41.012772,39.740344,2013-11-26 11:07:00,None,15.77,17.92,None,None,23.84,1489.62,D9,12.63
41.012772,39.740344,2013-11-26 11:07:00,None,15.77,17.92,None,None,23.84,1489.61,D9,13.13
41.012772,39.740344,2013-11-26 11:07:00,None,15.76,17.92,None,None,23.84,1489.61,D9,13.64
41.012772,39.740344,2013-11-26 11:07:00,None,15.77,17.92,None,None,23.84,1489.63,D9,14.11
41.012772,39.740344,2013-11-26 11:07:00,None,15.77,17.92,None,None,23.84,1489.64,D9,14.59
41.012772,39.740344,2013-11-26 11:07:00,None,15.73,17.92,None,None,23.82,1489.52,D9,15.06
41.012772,39.740344,2013-11-26 11:07:00,None,15.71,17.92,None,None,23.81,1489.46,D9,15.61
41.012772,39.740344,2013-11-26 11:07:00,None,15.74,17.92,None,None,23.83,1489.56,D9,16.05
41.012772,39.740344,2013-11-26 11:07:00,None,15.73,17.92,None,None,23.83,1489.56,D9,16.56
41.012772,39.740344,2013-11-26 11:07:00,None,15.7,17.93,None,None,23.81,1489.47,D9,17.05
41.012772,39.740344,2013-11-26 11:07:00,None,15.69,17.93,None,None,23.81,1489.45,D9,17.59
41.012772,39.740344,2013-11-26 11:07:00,None,15.69,17.93,None,None,23.81,1489.46,D9,18.12
41.012772,39.740344,2013-11-26 11:07:00,None,15.7,17.93,None,None,23.81,1489.47,D9,18.54
41.012772,39.740344,2013-11-26 11:07:00,None,15.69,17.93,None,None,23.81,1489.47,D9,19.1
41.012772,39.740344,2013-11-26 11:07:00,None,15.69,17.93,None,None,23.81,1489.48,D9,19.58
41.012772,39.740344,2013-11-26 11:07:00,None,15.69,17.93,None,None,23.81,1489.5,D9,20.07
41.012772,39.740344,2013-11-26 11:07:00,None,15.72,17.92,None,None,23.82,1489.58,D9,20.61
41.012772,39.740344,2013-11-26 11:07:00,None,15.69,17.93,None,None,23.81,1489.49,D9,21.09
41.012772,39.740344,2013-11-26 11:07:00,None,15.69,17.93,None,None,23.81,1489.5,D9,21.55
41.012772,39.740344,2013-11-26 11:07:00,None,15.69,17.93,None,None,23.82,1489.53,D9,22.04
41.012772,39.740344,2013-11-26 11:07:00,None,15.69,17.93,None,None,23.82,1489.54,D9,22.55
41.012772,39.740344,2013-11-26 11:07:00,None,15.69,17.93,None,None,23.81,1489.54,D9,23.1
41.012772,39.740344,2013-11-26 11:07:00,None,15.69,17.93,None,None,23.81,1489.55,D9,23.53
41.012772,39.740344,2013-11-26 11:07:00,None,15.69,17.93,None,None,23.81,1489.55,D9,24.12
41.012772,39.740344,2013-11-26 11:07:00,None,15.69,17.93,None,None,23.81,1489.55,D9,24.52
41.012772,39.740344,2013-11-26 11:07:00,None,15.69,17.93,None,None,23.82,1489.56,D9,25.07
41.012772,39.740344,2013-11-26 11:07:00,None,15.69,17.93,None,None,23.82,1489.57,D9,25.53
41.012772,39.740344,2013-11-26 11:07:00,None,15.69,17.93,None,None,23.82,1489.58,D9,26.04
41.012772,39.740344,2013-11-26 11:07:00,None,15.69,17.93,None,None,23.82,1489.59,D9,26.5
41.012772,39.740344,2013-11-26 11:07:00,None,15.69,17.93,None,None,23.82,1489.6,D9,27.03
41.012772,39.740344,2013-11-26 11:07:00,None,15.69,17.93,None,None,23.82,1489.61,D9,27.5
41.012772,39.740344,2013-11-26 11:07:00,None,15.69,17.93,None,None,23.82,1489.63,D9,28.0
41.012772,39.740344,2013-11-26 11:07:00,None,15.7,17.93,None,None,23.82,1489.65,D9,28.55
41.012772,39.740344,2013-11-26 11:07:00,None,15.7,17.93,None,None,23.82,1489.66,D9,29.01
41.012772,39.740344,2013-11-26 11:07:00,None,15.7,17.93,None,None,23.82,1489.67,D9,29.57
41.012772,39.740344,2013-11-26 11:07:00,None,15.7,17.93,None,None,23.82,1489.68,D9,29.98
41.012772,39.740344,2013-11-26 11:07:00,None,15.7,17.93,None,None,23.82,1489.68,D9,30.51
41.012772,39.740344,2013-11-26 11:07:00,None,15.68,17.93,None,None,23.82,1489.65,D9,31.02
41.012772,39.740344,2013-11-26 11:07:00,None,15.62,17.94,None,None,23.78,1489.45,D9,31.48
41.012772,39.740344,2013-11-26 11:07:00,None,15.6,17.94,None,None,23.78,1489.38,D9,32.02
41.012772,39.740344,2013-11-26 11:07:00,None,15.59,17.94,None,None,23.77,1489.37,D9,32.49
41.012772,39.740344,2013-11-26 11:07:00,None,15.6,17.94,None,None,23.78,1489.4,D9,32.99
41.012772,39.740344,2013-11-26 11:07:00,None,15.58,17.93,None,None,23.76,1489.35,D9,33.51
41.012772,39.740344,2013-11-26 11:07:00,None,15.56,17.94,None,None,23.76,1489.31,D9,34.02
41.012772,39.740344,2013-11-26 11:07:00,None,15.59,17.94,None,None,23.77,1489.4,D9,34.54
41.012772,39.740344,2013-11-26 11:07:00,None,15.58,17.94,None,None,23.77,1489.37,D9,35.04
41.012772,39.740344,2013-11-26 11:07:00,None,15.57,17.94,None,None,23.76,1489.35,D9,35.5
41.012772,39.740344,2013-11-26 11:07:00,None,15.57,17.94,None,None,23.77,1489.37,D9,35.99
41.012772,39.740344,2013-11-26 11:07:00,None,15.57,17.94,None,None,23.77,1489.38,D9,36.5
41.012772,39.740344,2013-11-26 11:07:00,None,15.59,17.94,None,None,23.77,1489.44,D9,36.97
41.012772,39.740344,2013-11-26 11:07:00,None,15.6,17.94,None,None,23.78,1489.48,D9,37.47
41.012772,39.740344,2013-11-26 11:07:00,None,15.55,17.92,None,None,23.73,1489.3,D9,38.01
41.012772,39.740344,2013-11-26 11:07:00,None,15.49,17.94,None,None,23.72,1489.14,D9,38.45
41.012772,39.740344,2013-11-26 11:07:00,None,15.49,17.94,None,None,23.72,1489.17,D9,38.99
41.012772,39.740344,2013-11-26 11:07:00,None,15.5,17.94,None,None,23.73,1489.2,D9,39.47
41.012772,39.740344,2013-11-26 11:07:00,None,15.47,17.95,None,None,23.72,1489.1,D9,39.99
41.009444,39.738056,2013-11-26 11:30:00,None,15.7,17.9,9,98.4,23.78,1489.18,D10,0.64
41.009444,39.738056,2013-11-26 11:30:00,None,15.7,17.91,None,None,23.79,1489.18,D10,1.67
41.009444,39.738056,2013-11-26 11:30:00,None,15.69,17.91,None,None,23.79,1489.17,D10,2.15
41.009444,39.738056,2013-11-26 11:30:00,None,15.72,17.92,None,None,23.81,1489.27,D10,2.64
41.009444,39.738056,2013-11-26 11:30:00,None,15.71,17.92,None,None,23.81,1489.26,D10,3.12
41.009444,39.738056,2013-11-26 11:30:00,None,15.72,17.92,None,None,23.81,1489.29,D10,3.66
41.009444,39.738056,2013-11-26 11:30:00,None,15.72,17.92,None,None,23.81,1489.3,D10,4.12
41.009444,39.738056,2013-11-26 11:30:00,None,15.72,17.92,None,None,23.81,1489.32,D10,4.68
41.009444,39.738056,2013-11-26 11:30:00,None,15.72,17.92,None,None,23.81,1489.33,D10,5.15
41.009444,39.738056,2013-11-26 11:30:00,None,15.72,17.92,None,None,23.81,1489.34,D10,5.66
41.009444,39.738056,2013-11-26 11:30:00,None,15.73,17.92,None,None,23.82,1489.36,D10,6.1
41.009444,39.738056,2013-11-26 11:30:00,None,15.73,17.92,None,None,23.82,1489.37,D10,6.6
41.009444,39.738056,2013-11-26 11:30:00,None,15.73,17.92,None,None,23.82,1489.38,D10,7.17
41.009444,39.738056,2013-11-26 11:30:00,None,15.73,17.92,None,None,23.82,1489.38,D10,7.6
41.009444,39.738056,2013-11-26 11:30:00,None,15.72,17.92,None,None,23.82,1489.38,D10,8.12
41.006833,39.738906,2013-11-26 11:52:00,None,13.97,16.95,8.7,89.3,21.73,1482.26,D11,0.64
41.006833,39.738906,2013-11-26 11:52:00,None,13.99,16.99,None,None,21.78,1482.4,D11,1.13
41.006833,39.738906,2013-11-26 11:52:00,None,14.05,17.0,None,None,21.83,1482.62,D11,1.67
41.006833,39.738906,2013-11-26 11:52:00,None,14.4,17.21,None,None,22.26,1484.08,D11,2.12
41.006833,39.738906,2013-11-26 11:52:00,None,15.42,17.71,None,None,23.39,1488.05,D11,2.67
41.006833,39.738906,2013-11-26 11:52:00,None,15.5,17.77,None,None,23.51,1488.39,D11,3.15
41.006833,39.738906,2013-11-26 11:52:00,None,15.6,17.81,None,None,23.62,1488.79,D11,3.71
41.006833,39.738906,2013-11-26 11:52:00,None,15.62,17.82,None,None,23.64,1488.88,D11,4.12
41.006833,39.738906,2013-11-26 11:52:00,None,15.64,17.84,None,None,23.67,1488.95,D11,4.68
41.006833,39.738906,2013-11-26 11:52:00,None,15.65,17.84,None,None,23.68,1489.01,D11,5.14
41.006833,39.738906,2013-11-26 11:52:00,None,15.67,17.85,None,None,23.7,1489.11,D11,5.63
41.006833,39.738906,2013-11-26 11:52:00,None,15.64,17.85,None,None,23.69,1489.01,D11,6.19
41.006833,39.738906,2013-11-26 11:52:00,None,15.64,17.85,None,None,23.68,1489,D11,6.6
41.006833,39.738906,2013-11-26 11:52:00,None,15.63,17.85,None,None,23.67,1488.97,D11,7.12
41.006833,39.738906,2013-11-26 11:52:00,None,15.52,17.82,None,None,23.59,1488.62,D11,7.6
41.006833,39.738906,2013-11-26 11:52:00,None,15.29,17.79,None,None,23.43,1487.83,D11,8.12
41.006833,39.738906,2013-11-26 11:52:00,None,15.25,17.8,None,None,23.41,1487.71,D11,8.61
41.006833,39.738906,2013-11-26 11:52:00,None,15.24,17.8,None,None,23.41,1487.68,D11,9.11
41.006833,39.738906,2013-11-26 11:52:00,None,15.23,17.8,None,None,23.4,1487.67,D11,9.63
41.001491,39.442859,2013-11-26 12:13:00,None,14.02,16.95,8.7,89.3,21.75,1482.44,D12,0.64
41.004142,39.741275,2013-11-26 12:13:00,None,14.08,17.01,None,None,21.86,1482.75,D12,1.16
41.004142,39.741275,2013-11-26 12:13:00,None,14.17,17.05,None,None,21.95,1483.08,D12,1.64
41.004142,39.741275,2013-11-26 12:13:00,None,15.03,17.53,None,None,22.96,1486.54,D12,2.18
41.004142,39.741275,2013-11-26 12:13:00,None,15.13,17.62,None,None,23.13,1487,D12,2.84
41.004142,39.741275,2013-11-26 12:13:00,None,15.23,17.69,None,None,23.27,1487.43,D12,3.17
41.004142,39.741275,2013-11-26 12:13:00,None,15.35,17.71,None,None,23.36,1487.85,D12,3.61
41.004142,39.741275,2013-11-26 12:13:00,None,15.34,17.72,None,None,23.37,1487.84,D12,4.13
41.004142,39.741275,2013-11-26 12:13:00,None,15.38,17.75,None,None,23.42,1488,D12,4.63
41.004142,39.741275,2013-11-26 12:13:00,None,15.48,17.79,None,None,23.53,1488.38,D12,5.19
41.004142,39.741275,2013-11-26 12:13:00,None,15.52,17.81,None,None,23.57,1488.56,D12,5.64
41.004142,39.741275,2013-11-26 12:13:00,None,15.33,17.79,None,None,23.44,1487.89,D12,6.1
41.004142,39.741275,2013-11-26 12:13:00,None,15.27,17.8,None,None,23.42,1487.74,D12,6.63
41.004142,39.741275,2013-11-26 12:13:00,None,15.26,17.8,None,None,23.42,1487.71,D12,7.17
41.004142,39.741275,2013-11-26 12:13:00,None,15.24,17.8,None,None,23.41,1487.67,D12,7.65
41.004142,39.741275,2013-11-26 12:13:00,None,15.24,17.8,None,None,23.41,1487.67,D12,8.14
41.004142,39.741275,2013-11-26 12:13:00,None,15.24,17.8,None,None,23.41,1487.66,D12,8.6
41.004142,39.741275,2013-11-26 12:13:00,None,15.24,17.8,None,None,23.41,1487.67,D12,9.19
41.004142,39.741275,2013-11-26 12:13:00,None,15.24,17.8,8.1,89.1,23.4,1487.67,D12,9.58
41.010731,39.768925,2014-01-26 09:00:00,4,10.3,17.43,9.2,96.7,28.34,None,D1,0.75
41.010731,39.768925,2014-01-26 09:00:00,None,10.3,17.43,9.1,96.7,28.33,None,D1,2.12
41.010731,39.768925,2014-01-26 09:00:00,None,10.3,17.44,9,96.3,28.34,None,D1,4.61
41.010731,39.768925,2014-01-26 09:00:00,None,10.34,17.44,9,95.7,28.34,None,D1,6.6
41.010731,39.768925,2014-01-26 09:00:00,None,10.2,17.46,8.5,92.3,28.37,None,D1,10.14
41.010731,39.768925,2014-01-26 09:00:00,None,9.7,17.46,8.3,91.5,28.41,None,D1,15.08
41.010731,39.768925,2014-01-26 09:00:00,None,9.5,17.46,7.8,86.4,28.44,None,D1,20.07
41.010731,39.768925,2014-01-26 09:00:00,None,9.3,17.47,7.8,84.2,28.44,None,D1,25.01
41.010731,39.768925,2014-01-26 09:00:00,11,9.2,17.48,7.1,71.3,28.46,None,D1,32.97
41.006469,39.761147,2014-01-26 09:23:00,None,10.3,17.43,9.2,96.7,28.34,None,D2,0.62
41.006469,39.761147,2014-01-26 09:23:00,None,10.3,17.43,9.1,96.7,28.33,None,D2,2.18
41.006469,39.761147,2014-01-26 09:23:00,None,10.3,17.44,9,96.3,28.34,None,D2,4.68
41.006469,39.761147,2014-01-26 09:23:00,None,10.34,17.44,9,95.7,28.34,None,D2,6.66
41.006469,39.761147,2014-01-26 09:23:00,None,10.2,17.46,8.5,92.3,28.37,None,D2,10.12
41.006469,39.761147,2014-01-26 09:23:00,None,10.2,17.46,8.3,92,28.37,None,D2,12.13
41.004031,39.758264,2014-01-26 09:37:00,21,10.08,17.41,8.2,83.1,28.28,None,D3,0.62
41.004031,39.758264,2014-01-26 09:37:00,None,10.08,17.41,6.7,75.1,28.28,None,D3,2.13
41.012083,39.762886,2014-01-26 09:48:00,None,10.3,17.43,9.2,96.7,28.34,None,D4,0.62
41.012083,39.762886,2014-01-26 09:48:00,None,10.3,17.43,9.1,96.7,28.33,None,D4,2.18
41.012083,39.762886,2014-01-26 09:48:00,None,10.3,17.44,9,96.3,28.34,None,D4,4.66
41.012083,39.762886,2014-01-26 09:48:00,None,10.34,17.44,9,95.7,28.34,None,D4,6.65
41.012083,39.762886,2014-01-26 09:48:00,None,10.2,17.46,8.5,92.3,28.37,None,D4,10.09
41.012083,39.762886,2014-01-26 09:48:00,None,9.8,17.46,8.3,90.5,28.4,None,D4,15.1
41.012083,39.762886,2014-01-26 09:48:00,None,9.5,17.46,7.7,86.4,28.44,None,D4,20.04
41.012083,39.762886,2014-01-26 09:48:00,None,9.3,17.47,7.8,84.2,28.44,None,D4,25.06
41.012083,39.762886,2014-01-26 09:48:00,None,9.2,17.48,7.1,71.3,28.46,None,D4,32.99
41.012083,39.762886,2014-01-26 09:48:00,None,9.2,17.49,6.8,70.81,28.48,None,D4,40.49
41.0084,39.756206,2014-01-26 10:06:00,18,10.3,17.43,9.2,94.3,28.34,None,D5,0.87
41.0084,39.756206,2014-01-26 10:06:00,None,10.3,17.43,9.1,94.3,28.33,None,D5,2.15
41.0084,39.756206,2014-01-26 10:06:00,None,10.3,17.44,8.9,93.3,28.34,None,D5,4.63
41.0084,39.756206,2014-01-26 10:06:00,None,10.34,17.44,8.7,92.7,28.34,None,D5,6.63
41.0084,39.756206,2014-01-26 10:06:00,None,10.22,17.46,8.5,92.3,28.37,None,D5,10.11
41.0084,39.756206,2014-01-26 10:06:00,None,9.8,17.46,8.3,90.5,28.4,None,D5,15.08
41.0084,39.756206,2014-01-26 10:06:00,3,9.8,17.47,7.6,88.7,28.4,None,D5,19.03
41.005319,39.755806,2014-01-26 10:20:00,36,10.0,17.43,9.2,97.7,27.42,None,D6,0.67
41.005319,39.755806,2014-01-26 10:20:00,None,10.0,17.43,9.1,97.7,27.42,None,D6,2.12
41.005319,39.755806,2014-01-26 10:20:00,None,10.1,17.44,9,96.9,27.34,None,D6,4.61
41.005319,39.755806,2014-01-26 10:20:00,None,10.11,17.44,9,95.7,27.34,None,D6,6.61
41.005319,39.755806,2014-01-26 10:20:00,None,10.12,17.44,9.1,95.3,27.36,None,D6,8.12
41.005328,39.75,2014-01-26 10:41:00,None,10.0,17.43,9.2,97.7,27.42,None,D7,0.66
41.005328,39.75,2014-01-26 10:41:00,None,10.0,17.43,9.1,97.7,27.42,None,D7,2.13
41.005328,39.75,2014-01-26 10:41:00,None,10.1,17.44,9,96.9,27.34,None,D7,4.61
41.005328,39.75,2014-01-26 10:41:00,None,10.11,17.44,9,95.7,27.34,None,D7,6.61
41.005328,39.75,2014-01-26 10:41:00,None,10.12,17.44,9.1,95.3,27.36,None,D7,8.11
41.012475,39.746764,2014-01-26 10:57:00,None,10.3,17.43,9.2,96.7,28.34,None,D8,0.62
41.012475,39.746764,2014-01-26 10:57:00,None,10.3,17.43,9.1,96.7,28.33,None,D8,2.13
41.012475,39.746764,2014-01-26 10:57:00,None,10.3,17.44,9,96.3,28.34,None,D8,4.64
41.012475,39.746764,2014-01-26 10:57:00,None,10.34,17.44,9,95.7,28.34,None,D8,6.6
41.012475,39.746764,2014-01-26 10:57:00,None,10.2,17.46,8.5,92.3,28.37,None,D8,10.11
41.012475,39.746764,2014-01-26 10:57:00,None,9.7,17.46,8.3,91.5,28.41,None,D8,15.13
41.012475,39.746764,2014-01-26 10:57:00,None,9.5,17.46,7.8,86.4,28.44,None,D8,20.07
41.012475,39.746764,2014-01-26 10:57:00,None,9.3,17.47,7.8,84.2,28.44,None,D8,25.04
41.012475,39.746764,2014-01-26 10:57:00,None,9.2,17.48,7.1,71.3,28.46,None,D8,33.03
41.012475,39.746764,2014-01-26 10:57:00,None,9.01,17.49,6.2,63.1,28.46,None,D8,39.99
41.012772,39.740344,2014-01-26 11:20:00,None,10.3,17.43,9.2,96.7,28.34,None,D9,0.66
41.012772,39.740344,2014-01-26 11:20:00,None,10.3,17.43,9.1,96.7,28.33,None,D9,2.12
41.012772,39.740344,2014-01-26 11:20:00,None,10.3,17.44,9,96.3,28.34,None,D9,4.63
41.012772,39.740344,2014-01-26 11:20:00,None,10.34,17.44,9,95.7,28.34,None,D9,6.6
41.012772,39.740344,2014-01-26 11:20:00,None,10.2,17.46,8.5,92.3,28.37,None,D9,10.12
41.012772,39.740344,2014-01-26 11:20:00,None,9.7,17.46,8.3,91.5,28.41,None,D9,14.11
41.012772,39.740344,2014-01-26 11:20:00,None,9.5,17.46,7.8,86.4,28.44,None,D9,20.07
41.012772,39.740344,2014-01-26 11:20:00,None,9.3,17.47,7.8,84.2,28.44,None,D9,26.04
41.012772,39.740344,2014-01-26 11:20:00,None,9.2,17.48,7.1,71.3,28.46,None,D9,32.99
41.012772,39.740344,2014-01-26 11:20:00,None,9.01,17.49,6.2,63.1,28.46,None,D9,39.99
41.009444,39.738056,2014-01-26 11:38:00,3,10.27,17.43,9,97.1,28.34,None,D10,0.64
41.009444,39.738056,2014-01-26 11:38:00,None,10.27,17.43,8.8,96.7,28.33,None,D10,2.64
41.009444,39.738056,2014-01-26 11:38:00,None,10.29,17.44,8.7,93.1,28.34,None,D10,5.15
41.009444,39.738056,2014-01-26 11:38:00,None,10.3,17.44,8.7,92.8,28.34,None,D10,7.17
41.006833,39.738906,2014-01-26 12:00:00,None,12.0,17.43,6.7,82.1,27.42,None,D11,0.64
41.006833,39.738906,2014-01-26 12:00:00,None,12.0,17.43,6.6,80.3,27.42,None,D11,2.12
41.006833,39.738906,2014-01-26 12:00:00,None,11.1,17.44,6.1,76.1,27.34,None,D11,4.68
41.006833,39.738906,2014-01-26 12:00:00,None,11.11,17.44,5.8,73.2,27.34,None,D11,6.6
41.006833,39.738906,2014-01-26 12:00:00,None,11.12,17.44,5.3,60.1,27.36,None,D11,8.12
41.004142,39.741275,2014-01-26 12:17:00,10,12.0,17.43,6.4,81.7,27.42,None,D12,0.64
41.004142,39.741275,2014-01-26 12:17:00,None,12.0,17.43,6.3,80.3,27.42,None,D12,2.18
41.004142,39.741275,2014-01-26 12:17:00,None,11.1,17.44,6.1,75.3,27.34,None,D12,4.63
41.004142,39.741275,2014-01-26 12:17:00,None,11.11,17.44,5.8,73.4,27.34,None,D12,6.63
41.004142,39.741275,2014-01-26 12:17:00,None,11.12,17.44,5.1,59.1,27.36,None,D12,9.58
41.001003,39.757106,2014-01-26 12:31:00,181,6.2,0.24,8.7,84.5,0.484,None,D13,0.64
41.010731,39.768925,2014-03-26 08:40:00,26,10.64,17.13,8.8,88,27.34,None,D1,0.75
41.010731,39.768925,2014-03-26 08:40:00,None,10.42,17.13,8.66,8.72,27.33,None,D1,2.12
41.010731,39.768925,2014-03-26 08:40:00,None,10.28,17.14,8.45,85.1,27.34,None,D1,4.61
41.010731,39.768925,2014-03-26 08:40:00,None,10.08,17.14,8.21,83.6,27.35,None,D1,6.6
41.010731,39.768925,2014-03-26 08:40:00,None,9.97,17.16,8.2,79.5,27.38,None,D1,10.14
41.010731,39.768925,2014-03-26 08:40:00,None,9.85,17.16,7.67,76.3,27.41,None,D1,15.08
41.010731,39.768925,2014-03-26 08:40:00,None,9.62,17.16,7.24,74.1,27.43,None,D1,20.07
41.010731,39.768925,2014-03-26 08:40:00,None,9.49,17.17,6.7,64.5,27.44,None,D1,25.01
41.010731,39.768925,2014-03-26 08:40:00,11,8.96,17.18,5.89,58.2,27.46,None,D1,32.97
41.006469,39.761147,2014-03-26 09:03:00,None,10.08,17.01,7.3,82.6,27.72,None,D2,0.62
41.006469,39.761147,2014-03-26 09:03:00,None,9.88,17.03,6.8,81.52,27.72,None,D2,5.1
41.006469,39.761147,2014-03-26 09:03:00,None,9.76,17.06,6.5,78.13,27.81,None,D2,9.65
41.006469,39.761147,2014-03-26 09:03:00,None,9.74,17.06,6.3,75.4,27.88,None,D2,12.13
41.004031,39.758264,2014-03-26 09:18:00,46,10.08,17.01,6.3,75.4,27.28,None,D3,0.62
41.004031,39.758264,2014-03-26 09:18:00,None,10.07,17.01,5.4,73.1,27.28,None,D3,2.13
41.012083,39.762886,2014-03-26 09:38:00,None,10.53,17.1,8.75,88.3,27.75,None,D4,0.62
41.012083,39.762886,2014-03-26 09:38:00,None,10.42,17.17,8.71,87.2,28.02,None,D4,5.12
41.012083,39.762886,2014-03-26 09:38:00,None,10.34,17.21,8.63,86.4,28.04,None,D4,9.66
41.012083,39.762886,2014-03-26 09:38:00,None,10.05,17.36,8.15,85.1,28.38,None,D4,14.65
41.012083,39.762886,2014-03-26 09:38:00,None,9.88,17.42,7.56,78.7,28.41,None,D4,19.54
41.012083,39.762886,2014-03-26 09:38:00,None,9.53,17.46,7.25,75.6,28.44,None,D4,24.6
41.012083,39.762886,2014-03-26 09:38:00,None,9.45,17.52,5.72,63.8,28.47,None,D4,35.02
41.0084,39.756206,2014-03-26 09:51:00,17,10.08,17.03,7.68,82.5,27.84,None,D5,0.87
41.0084,39.756206,2014-03-26 09:51:00,None,10.07,17.13,7.41,80.7,27.86,None,D5,5.12
41.0084,39.756206,2014-03-26 09:51:00,None,10.02,17.17,6.22,78.4,28.11,None,D5,10.11
41.0084,39.756206,2014-03-26 09:51:00,5,9.95,17.28,5.72,73.3,28.24,None,D5,19.03
41.005319,39.755806,2014-03-26 10:11:00,73,10.02,17.07,8.2,85.7,27.45,None,D6,0.67
41.005319,39.755806,2014-03-26 10:11:00,None,10.02,17.07,8.1,85.61,27.41,None,D6,2.12
41.005319,39.755806,2014-03-26 10:11:00,None,9.8,17.01,7.98,85.5,27.37,None,D6,4.61
41.005319,39.755806,2014-03-26 10:11:00,None,9.75,17.01,7.95,84.1,27.34,None,D6,6.61
41.005319,39.755806,2014-03-26 10:11:00,None,9.72,17.01,7.91,83.3,27.31,None,D6,8.12
41.005328,39.75,2014-03-26 10:27:00,None,10.01,17.07,8.4,85.7,27.53,None,D7,0.66
41.005328,39.75,2014-03-26 10:27:00,None,10.01,17.07,8.3,85.6,27.51,None,D7,2.13
41.005328,39.75,2014-03-26 10:27:00,None,9.8,17.02,7.98,84.5,27.48,None,D7,4.61
41.005328,39.75,2014-03-26 10:27:00,None,9.76,17.01,7.86,83.1,27.45,None,D7,6.61
41.005328,39.75,2014-03-26 10:27:00,None,9.73,17.01,7.71,81.3,27.42,None,D7,8.11
41.012475,39.746764,2014-03-26 10:46:00,None,10.98,17.11,7.8,88.1,27.68,None,D8,0.62
41.012475,39.746764,2014-03-26 10:46:00,None,10.95,17.13,7.67,86.6,27.72,None,D8,5.1
41.012475,39.746764,2014-03-26 10:46:00,None,10.86,17.26,7.51,84.2,28.07,None,D8,10.11
41.012475,39.746764,2014-03-26 10:46:00,None,10.78,17.34,7.47,76.3,28.19,None,D8,15.13
41.012475,39.746764,2014-03-26 10:46:00,None,9.54,17.49,6.53,74.68,28.35,None,D8,20.07
41.012475,39.746764,2014-03-26 10:46:00,None,9.42,17.51,5.91,66.82,28.41,None,D8,30.49
41.012475,39.746764,2014-03-26 10:46:00,None,8.82,17.62,5.56,51.2,28.57,None,D8,39.99
41.012772,39.740344,2014-03-26 11:10:00,None,9.18,17.03,8.1,85,27.73,None,D9,0.66
41.012772,39.740344,2014-03-26 11:10:00,None,9.21,17.09,7.67,84.1,27.75,None,D9,5.15
41.012772,39.740344,2014-03-26 11:10:00,None,9.21,17.16,7.6,83.56,27.78,None,D9,10.12
41.012772,39.740344,2014-03-26 11:10:00,None,9.2,17.21,7.54,76,27.81,None,D9,15.06
41.012772,39.740344,2014-03-26 11:10:00,None,9.21,17.22,6.21,72,27.85,None,D9,20.07
41.012772,39.740344,2014-03-26 11:10:00,None,9.1,17.27,5.93,61,27.88,None,D9,30.51
41.009444,39.738056,2014-03-26 11:28:00,5,10.08,17.08,8.2,87.2,27.76,None,D10,0.64
41.009444,39.738056,2014-03-26 11:28:00,None,9.91,17.13,8.1,85.3,27.81,None,D10,5.66
41.006833,39.738906,2014-03-26 11:45:00,None,10.25,17.06,7.5,78.1,27.49,None,D11,0.64
41.006833,39.738906,2014-03-26 11:45:00,None,10.23,17.06,7.2,76.3,27.46,None,D11,2.12
41.006833,39.738906,2014-03-26 11:45:00,None,10.18,17.09,6.8,75.2,27.42,None,D11,4.68
41.006833,39.738906,2014-03-26 11:45:00,None,10.04,17.11,6.4,74.6,27.38,None,D11,6.6
41.006833,39.738906,2014-03-26 11:45:00,None,9.86,17.13,5.8,68.5,27.36,None,D11,8.12
41.004142,39.741275,2014-03-26 12:13:00,7,10.25,17.06,6.7,75.1,27.59,None,D12,0.64
41.004142,39.741275,2014-03-26 12:13:00,None,10.24,17.06,6.5,73.3,27.51,None,D12,2.18
41.004142,39.741275,2014-03-26 12:13:00,None,10.21,17.09,6.4,72.4,27.48,None,D12,4.63
41.004142,39.741275,2014-03-26 12:13:00,None,9.87,17.11,6.1,71.1,27.44,None,D12,6.63
41.004142,39.741275,2014-03-26 12:13:00,None,9.76,17.13,5.8,67.5,27.38,None,D12,8.14
41.004142,39.741275,2014-03-26 12:13:00,None,9.65,17.13,4.3,63.1,27.32,None,D12,9.58
41.001003,39.757106,2014-03-26 12:30:00,216,7.3,0.12,4.8,66.1,0.487,None,D13,0.64
41.010731,39.768925,2014-05-25 08:45:00,68,20.1311,10.932,8.241,97.16,16.6988,1495.118,D1,1.969
41.010731,39.768925,2014-05-25 08:45:00,None,20.1175,13.845,8.091,97.03,20.7385,1498.323,D1,2.429
41.010731,39.768925,2014-05-25 08:45:00,None,18.8978,17.349,8.416,100.63,24.8268,1498.61,D1,2.954
41.010731,39.768925,2014-05-25 08:45:00,None,18.6808,17.429,9.014,107.37,24.8133,1498.053,D1,3.429
41.010731,39.768925,2014-05-25 08:45:00,None,18.507,17.528,9.438,112.09,24.8464,1497.645,D1,3.971
41.010731,39.768925,2014-05-25 08:45:00,None,18.0145,17.605,9.704,114.2,24.6772,1496.235,D1,4.463
41.010731,39.768925,2014-05-25 08:45:00,None,17.6686,17.623,9.758,114.05,24.5106,1495.192,D1,4.906
41.010731,39.768925,2014-05-25 08:45:00,None,17.4593,17.622,9.697,112.87,24.3954,1494.548,D1,5.448
41.010731,39.768925,2014-05-25 08:45:00,None,17.0448,17.682,9.604,110.9,24.2446,1493.322,D1,5.924
41.010731,39.768925,2014-05-25 08:45:00,None,16.4169,17.729,9.52,108.56,23.9603,1491.385,D1,6.449
41.010731,39.768925,2014-05-25 08:45:00,None,16.2668,17.745,9.388,106.74,23.8991,1490.929,D1,6.908
41.010731,39.768925,2014-05-25 08:45:00,None,16.1414,17.752,9.194,104.27,23.839,1490.54,D1,7.4
41.010731,39.768925,2014-05-25 08:45:00,None,16.0279,17.76,9.084,102.79,23.7876,1490.19,D1,7.893
41.010731,39.768925,2014-05-25 08:45:00,None,15.076,17.799,9.249,102.64,23.3183,1487.12,D1,8.418
41.010731,39.768925,2014-05-25 08:45:00,None,15.4337,17.765,9.741,108.89,23.4714,1488.272,D1,8.91
41.010731,39.768925,2014-05-25 08:45:00,None,15.3492,17.764,9.745,108.75,23.4249,1488,D1,9.386
41.010731,39.768925,2014-05-25 08:45:00,None,15.1405,17.77,9.772,108.57,23.3183,1487.324,D1,9.911
41.010731,39.768925,2014-05-25 08:45:00,None,14.9974,17.766,9.799,108.55,23.2362,1486.852,D1,10.387
41.010731,39.768925,2014-05-25 08:45:00,None,14.8301,17.759,9.855,108.79,23.1381,1486.295,D1,10.945
41.010731,39.768925,2014-05-25 08:45:00,None,14.4392,17.787,9.888,108.27,22.9605,1485.022,D1,11.404
41.010731,39.768925,2014-05-25 08:45:00,None,14.4191,17.772,9.938,108.77,22.9323,1484.945,D1,11.913
41.010731,39.768925,2014-05-25 08:45:00,None,14.2867,17.758,9.977,108.88,22.8453,1484.489,D1,12.389
41.010731,39.768925,2014-05-25 08:45:00,None,13.7079,17.786,10.097,108.86,22.5672,1482.552,D1,12.881
41.010731,39.768925,2014-05-25 08:45:00,None,13.3449,17.784,10.077,107.8,22.3712,1481.305,D1,13.472
41.010731,39.768925,2014-05-25 08:45:00,31,13.0747,17.829,10.096,107.41,22.2781,1480.423,D1,13.882
41.006469,39.761147,2014-05-25 09:12:00,None,20.1069,17.031,7.998,97.71,25.0584,1501.827,D2,2.314
41.006469,39.761147,2014-05-25 09:12:00,None,19.6498,17.231,8.084,98.01,25.0792,1500.711,D2,2.461
41.006469,39.761147,2014-05-25 09:12:00,None,18.9936,17.421,8.373,100.34,24.9726,1498.978,D2,2.954
41.006469,39.761147,2014-05-25 09:12:00,None,18.7453,17.478,8.759,104.5,24.9113,1498.303,D2,3.462
41.006469,39.761147,2014-05-25 09:12:00,None,18.1552,17.595,9.093,107.29,24.741,1496.647,D2,3.938
41.006469,39.761147,2014-05-25 09:12:00,None,17.2689,17.698,9.443,109.54,24.3868,1494.021,D2,4.414
41.006469,39.761147,2014-05-25 09:12:00,None,17.0437,17.716,9.509,109.82,24.2863,1493.342,D2,4.988
41.006469,39.761147,2014-05-25 09:12:00,None,16.8598,17.711,9.528,109.63,24.1797,1492.762,D2,5.464
41.006469,39.761147,2014-05-25 09:12:00,None,16.537,17.732,9.498,108.58,24.0302,1491.765,D2,5.924
41.006469,39.761147,2014-05-25 09:12:00,None,16.4169,17.745,9.389,107.09,23.9812,1491.404,D2,6.416
41.006469,39.761147,2014-05-25 09:12:00,None,16.3921,17.742,9.33,106.35,23.964,1491.329,D2,6.941
41.006469,39.761147,2014-05-25 09:12:00,None,16.3578,17.74,9.241,105.26,23.9419,1491.224,D2,7.433
41.006469,39.761147,2014-05-25 09:12:00,None,16.3129,17.742,9.142,104.04,23.9211,1491.091,D2,7.942
41.006469,39.761147,2014-05-25 09:12:00,None,16.3164,17.741,9.108,103.66,23.9211,1491.109,D2,8.434
41.006469,39.761147,2014-05-25 09:12:00,None,16.317,17.738,9.124,103.85,23.9187,1491.116,D2,8.894
41.004031,39.758264,2014-05-25 09:26:00,189,19.8698,15.856,8.028,96.96,23.355,1499.826,D3,2.264
41.004031,39.758264,2014-05-25 09:26:00,None,19.5482,16.614,8.036,96.89,24.2042,1499.722,D3,2.429
41.012083,39.762886,2014-05-25 09:53:00,None,21.5838,1.364,8.426,96.62,2.461,1488.706,D4,1.838
41.012083,39.762886,2014-05-25 09:53:00,None,21.0842,3.24,8.422,96.69,5.5059,1489.354,D4,1.969
41.012083,39.762886,2014-05-25 09:53:00,None,20.448,9.698,8.227,96.89,15.0558,1494.69,D4,2.429
41.012083,39.762886,2014-05-25 09:53:00,None,20.6295,16.648,7.902,97.28,24.8206,1502.929,D4,2.97
41.012083,39.762886,2014-05-25 09:53:00,None,19.7474,17.31,8.193,99.56,25.2373,1501.103,D4,3.462
41.012083,39.762886,2014-05-25 09:53:00,None,19.2992,17.455,8.512,102.64,25.1846,1499.947,D4,3.955
41.012083,39.762886,2014-05-25 09:53:00,None,18.2427,17.631,9.442,111.63,24.8353,1496.964,D4,4.463
41.012083,39.762886,2014-05-25 09:53:00,None,17.2145,17.726,9.651,111.85,24.3929,1493.89,D4,4.906
41.012083,39.762886,2014-05-25 09:53:00,None,16.7758,17.783,9.634,110.71,24.2238,1492.578,D4,5.464
41.012083,39.762886,2014-05-25 09:53:00,None,16.7333,17.725,9.613,110.33,24.1282,1492.384,D4,5.956
41.012083,39.762886,2014-05-25 09:53:00,None,16.4849,17.748,9.613,109.79,24.0216,1491.625,D4,6.399
41.012083,39.762886,2014-05-25 09:53:00,None,16.4495,17.743,9.555,109.05,23.9959,1491.515,D4,7.007
41.012083,39.762886,2014-05-25 09:53:00,None,16.3164,17.744,9.544,108.63,23.9248,1491.095,D4,7.4
41.012083,39.762886,2014-05-25 09:53:00,None,16.1237,17.744,9.534,108.08,23.8206,1490.484,D4,7.958
41.012083,39.762886,2014-05-25 09:53:00,None,15.8369,17.753,9.536,107.48,23.6748,1489.57,D4,8.418
41.012083,39.762886,2014-05-25 09:53:00,None,15.4615,17.768,9.538,106.68,23.4898,1488.366,D4,8.894
41.012083,39.762886,2014-05-25 09:53:00,None,15.277,17.771,9.551,106.43,23.3942,1487.77,D4,9.386
41.012083,39.762886,2014-05-25 09:53:00,None,15.1759,17.773,9.594,106.68,23.3415,1487.446,D4,9.944
41.012083,39.762886,2014-05-25 09:53:00,None,14.9903,17.755,9.645,106.82,23.2202,1486.818,D4,10.452
41.012083,39.762886,2014-05-25 09:53:00,None,14.6598,17.78,9.684,106.53,23.0708,1485.748,D4,10.879
41.012083,39.762886,2014-05-25 09:53:00,None,14.5208,17.793,9.756,107.02,23.012,1485.305,D4,11.404
41.012083,39.762886,2014-05-25 09:53:00,None,14.2353,17.783,9.865,107.55,22.8466,1484.336,D4,11.979
41.012083,39.762886,2014-05-25 09:53:00,None,13.9296,17.788,9.889,107.12,22.6885,1483.308,D4,12.389
41.012083,39.762886,2014-05-25 09:53:00,None,13.7759,17.784,9.921,107.12,22.6015,1482.784,D4,12.914
41.012083,39.762886,2014-05-25 09:53:00,None,13.6499,17.794,9.934,106.97,22.5452,1482.37,D4,13.406
41.012083,39.762886,2014-05-25 09:53:00,None,13.5725,17.797,9.967,107.15,22.5072,1482.115,D4,13.899
41.012083,39.762886,2014-05-25 09:53:00,None,13.2745,17.795,10.059,107.46,22.3455,1481.087,D4,14.374
41.012083,39.762886,2014-05-25 09:53:00,None,12.7453,17.832,10.109,106.79,22.1054,1479.286,D4,14.867
41.0084,39.756206,2014-05-25 10:22:00,167,20.3682,2.747,8.571,96.75,4.6432,1486.658,D5,1.854
41.0084,39.756206,2014-05-25 10:22:00,None,20.2435,7.901,8.345,96.86,12.4034,1492.073,D5,1.936
41.0084,39.756206,2014-05-25 10:22:00,None,20.1382,8.852,8.346,97.22,13.7471,1492.829,D5,2.461
41.0084,39.756206,2014-05-25 10:22:00,None,20.9021,17.073,8.135,100.93,25.545,1504.179,D5,2.986
41.0084,39.756206,2014-05-25 10:22:00,None,20.3351,17.408,8.438,103.77,25.6896,1502.926,D5,3.446
41.0084,39.756206,2014-05-25 10:22:00,None,18.9457,17.497,9.281,111.17,25.0461,1498.936,D5,3.971
41.0084,39.756206,2014-05-25 10:22:00,None,17.2003,17.764,9.66,111.95,24.4321,1493.88,D5,4.414
41.0084,39.756206,2014-05-25 10:22:00,None,17.0105,17.732,9.671,111.62,24.2887,1493.255,D5,4.955
41.0084,39.756206,2014-05-25 10:22:00,None,16.9177,17.723,9.654,111.21,24.2262,1492.959,D5,5.448
41.0084,39.756206,2014-05-25 10:22:00,None,16.68,17.735,9.637,110.49,24.1111,1492.225,D5,5.94
41.0084,39.756206,2014-05-25 10:22:00,None,16.5529,17.741,9.609,109.89,24.0498,1491.834,D5,6.399
41.0084,39.756206,2014-05-25 10:22:00,None,16.4926,17.74,9.56,109.2,24.0155,1491.648,D5,6.908
41.0084,39.756206,2014-05-25 10:22:00,None,16.4028,17.742,9.529,108.65,23.9689,1491.37,D5,7.417
41.0084,39.756206,2014-05-25 10:22:00,None,16.1964,17.744,9.528,108.18,23.8598,1490.718,D5,7.942
41.0084,39.756206,2014-05-25 10:22:00,None,16.025,17.744,9.526,107.78,23.7667,1490.171,D5,8.418
41.0084,39.756206,2014-05-25 10:22:00,None,15.7559,17.75,9.539,107.34,23.6283,1489.311,D5,8.91
41.0084,39.756206,2014-05-25 10:22:00,None,15.4219,17.752,9.571,106.96,23.4494,1488.227,D5,9.451
41.0084,39.756206,2014-05-25 10:22:00,None,15.0943,17.774,9.592,106.47,23.2987,1487.176,D5,9.895
41.0084,39.756206,2014-05-25 10:22:00,None,14.872,17.748,9.625,106.32,23.1479,1486.416,D5,10.469
41.0084,39.756206,2014-05-25 10:22:00,None,14.4836,17.778,9.711,106.43,22.974,1485.153,D5,10.896
41.0084,39.756206,2014-05-25 10:22:00,None,14.3305,17.786,9.762,106.65,22.9005,1484.653,D5,11.404
41.0084,39.756206,2014-05-25 10:22:00,None,14.2098,17.783,9.781,106.59,22.8331,1484.249,D5,11.88
41.0084,39.756206,2014-05-25 10:22:00,None,13.9793,17.795,9.816,106.44,22.7228,1483.485,D5,12.389
41.0084,39.756206,2014-05-25 10:22:00,None,13.9278,17.79,9.829,106.47,22.6897,1483.312,D5,12.881
41.0084,39.756206,2014-05-25 10:22:00,None,13.7564,17.79,9.892,106.76,22.5979,1482.732,D5,13.406
41.0084,39.756206,2014-05-25 10:22:00,None,13.7321,17.791,9.934,107.16,22.5856,1482.658,D5,13.915
41.0084,39.756206,2014-05-25 10:22:00,None,13.712,17.797,9.964,107.45,22.5819,1482.603,D5,14.374
41.0084,39.756206,2014-05-25 10:22:00,None,13.6759,17.792,10.005,107.8,22.5574,1482.482,D5,14.883
41.0084,39.756206,2014-05-25 10:22:00,None,13.3194,17.764,10.094,107.91,22.3345,1481.224,D5,15.359
41.0084,39.756206,2014-05-25 10:22:00,None,12.487,17.814,10.219,107.33,21.9486,1478.368,D5,15.868
41.0084,39.756206,2014-05-25 10:22:00,None,12.1287,17.854,10.214,106.47,21.8028,1477.146,D5,16.376
41.0084,39.756206,2014-05-25 10:22:00,None,11.9117,17.866,10.199,105.81,21.7012,1476.39,D5,16.934
41.0084,39.756206,2014-05-25 10:22:00,None,11.8478,17.868,10.159,105.25,21.6693,1476.169,D5,17.361
41.0084,39.756206,2014-05-25 10:22:00,None,11.4464,17.881,10.208,104.84,21.4709,1474.738,D5,17.87
41.0084,39.756206,2014-05-25 10:22:00,None,11.2944,17.881,10.221,104.61,21.3913,1474.192,D5,18.379
41.0084,39.756206,2014-05-25 10:22:00,None,11.0828,17.879,10.213,104.03,21.2774,1473.421,D5,18.838
41.0084,39.756206,2014-05-25 10:22:00,None,10.4584,17.924,10.276,103.25,20.9969,1471.171,D5,19.396
41.0084,39.756206,2014-05-25 10:22:00,None,10.2332,17.962,10.249,102.48,20.9198,1470.382,D5,19.856
41.0084,39.756206,2014-05-25 10:22:00,None,10.2042,17.945,10.204,101.96,20.8867,1470.261,D5,20.364
41.0084,39.756206,2014-05-25 10:22:00,None,10.1965,17.949,10.157,101.47,20.8867,1470.245,D5,20.906
41.0084,39.756206,2014-05-25 10:22:00,None,10.1799,17.946,10.144,101.3,20.8744,1470.186,D5,21.365
41.0084,39.756206,2014-05-25 10:22:00,None,10.1297,17.949,10.134,101.09,20.8512,1470.008,D5,21.841
41.0084,39.756206,2014-05-25 10:22:00,None,9.8571,17.986,10.152,100.66,20.7483,1469.034,D5,22.383
41.0084,39.756206,2014-05-25 10:22:00,None,9.7211,17.985,10.177,100.59,20.676,1468.524,D5,22.842
41.0084,39.756206,2014-05-25 10:22:00,None,9.6709,17.998,10.133,100.06,20.6626,1468.356,D5,23.335
41.0084,39.756206,2014-05-25 10:22:00,None,9.6531,18.003,10.052,99.22,20.6589,1468.303,D5,23.844
41.0084,39.756206,2014-05-25 10:22:00,None,9.6573,18.01,9.994,98.66,20.6687,1468.335,D5,24.352
41.0084,39.756206,2014-05-25 10:22:00,None,9.6325,18.016,9.952,98.19,20.6626,1468.257,D5,24.845
41.0084,39.756206,2014-05-25 10:22:00,None,9.6011,18.023,9.897,97.58,20.6528,1468.152,D5,25.321
41.0084,39.756206,2014-05-25 10:22:00,None,9.5917,18.027,9.855,97.15,20.6528,1468.13,D5,25.813
41.0084,39.756206,2014-05-25 10:22:00,None,9.5857,18.028,9.82,96.79,20.6503,1468.116,D5,26.305
41.0084,39.756206,2014-05-25 10:22:00,42,9.5804,18.029,9.796,96.55,20.6491,1468.106,D5,26.814
41.005319,39.755806,2014-05-25 10:48:00,137,20.1311,10.932,8.241,97.16,16.6988,1495.118,D6,1.969
41.005319,39.755806,2014-05-25 10:48:00,None,20.1175,13.845,8.091,97.03,20.7385,1498.323,D6,2.429
41.005319,39.755806,2014-05-25 10:48:00,None,18.8978,17.349,8.416,100.63,24.8268,1498.61,D6,2.954
41.005319,39.755806,2014-05-25 10:48:00,None,18.6808,17.429,9.014,107.37,24.8133,1498.053,D6,3.429
41.005319,39.755806,2014-05-25 10:48:00,None,18.507,17.528,9.438,112.09,24.8464,1497.645,D6,3.971
41.005319,39.755806,2014-05-25 10:48:00,None,18.0145,17.605,9.704,114.2,24.6772,1496.235,D6,4.463
41.005319,39.755806,2014-05-25 10:48:00,None,17.6686,17.623,9.758,114.05,24.5106,1495.192,D6,4.906
41.005319,39.755806,2014-05-25 10:48:00,None,17.4593,17.622,9.697,112.87,24.3954,1494.548,D6,5.448
41.005319,39.755806,2014-05-25 10:48:00,None,17.0448,17.682,9.604,110.9,24.2446,1493.322,D6,5.924
41.005319,39.755806,2014-05-25 10:48:00,None,16.4169,17.729,9.52,108.56,23.9603,1491.385,D6,6.449
41.005319,39.755806,2014-05-25 10:48:00,None,16.2668,17.745,9.388,106.74,23.8991,1490.929,D6,6.908
41.005319,39.755806,2014-05-25 10:48:00,None,16.1414,17.752,9.194,104.27,23.839,1490.54,D6,7.4
41.005319,39.755806,2014-05-25 10:48:00,None,16.0279,17.76,9.084,102.79,23.7876,1490.19,D6,7.893
41.005328,39.75,2014-05-25 11:10:00,None,21.1599,13.223,8.009,97.63,20.3307,1500.661,D7,2.379
41.005328,39.75,2014-05-25 11:10:00,None,20.3954,13.784,8.232,99.22,20.7789,1499.072,D7,2.511
41.005328,39.75,2014-05-25 11:10:00,None,20.0785,14.701,8.465,101.94,21.8922,1499.169,D7,2.986
41.005328,39.75,2014-05-25 11:10:00,None,19.6138,16.766,8.842,106.83,24.4419,1500.103,D7,3.446
41.005328,39.75,2014-05-25 11:10:00,None,18.8446,17.403,9.344,111.64,24.8684,1498.528,D7,4.004
41.005328,39.75,2014-05-25 11:10:00,None,18.3006,17.499,9.809,116.01,24.6968,1496.992,D7,4.43
41.005328,39.75,2014-05-25 11:10:00,None,16.9455,17.687,10.42,120.08,24.1968,1492.997,D7,4.906
41.005328,39.75,2014-05-25 11:10:00,None,16.7705,17.712,10.387,119.3,24.1319,1492.479,D7,5.431
41.005328,39.75,2014-05-25 11:10:00,None,16.6806,17.727,9.985,114.48,24.1025,1492.218,D7,5.907
41.005328,39.75,2014-05-25 11:10:00,None,16.3838,17.734,9.659,110.08,23.9493,1491.285,D7,6.399
41.005328,39.75,2014-05-25 11:10:00,None,16.2715,17.747,9.286,105.6,23.904,1490.946,D7,6.908
41.005328,39.75,2014-05-25 11:10:00,None,16.2526,17.744,9.08,103.21,23.8905,1490.891,D7,7.417
41.005328,39.75,2014-05-25 11:10:00,None,16.1402,17.749,8.974,101.78,23.8353,1490.541,D7,7.893
41.005328,39.75,2014-05-25 11:10:00,None,16.0173,17.751,8.87,100.35,23.7704,1490.154,D7,8.467
41.005328,39.75,2014-05-25 11:10:00,None,15.9321,17.754,8.824,99.65,23.7287,1489.889,D7,8.894
41.005328,39.75,2014-05-25 11:10:00,None,15.7352,17.766,8.971,100.91,23.6356,1489.269,D7,9.386
41.005328,39.75,2014-05-25 11:10:00,None,15.6643,17.767,9.136,102.61,23.5988,1489.047,D7,9.927
41.012475,39.746764,2014-05-25 11:33:00,None,20.3351,0.013,9.217,102.31,0.0096,1483.418,D8,1.264
41.012475,39.746764,2014-05-25 11:33:00,None,19.9685,0.01,8.952,98.65,-0.0026,1482.297,D8,1.428
41.012475,39.746764,2014-05-25 11:33:00,None,21.5785,16.337,8.452,105.76,24.8917,1505.267,D8,1.969
41.012475,39.746764,2014-05-25 11:33:00,None,21.0854,17.36,8.795,109.68,26.0378,1505.008,D8,2.445
41.012475,39.746764,2014-05-25 11:33:00,None,20.5994,17.418,9.243,114.25,25.849,1503.692,D8,2.937
41.012475,39.746764,2014-05-25 11:33:00,None,19.3909,17.518,9.627,116.33,25.3182,1500.281,D8,3.429
41.012475,39.746764,2014-05-25 11:33:00,None,18.8617,17.568,9.784,117.05,25.0927,1498.763,D8,3.938
41.012475,39.746764,2014-05-25 11:33:00,None,18.0665,17.685,9.991,117.75,24.8071,1496.484,D8,4.48
41.012475,39.746764,2014-05-25 11:33:00,None,17.3978,17.697,10.107,117.55,24.4566,1494.432,D8,4.906
41.012475,39.746764,2014-05-25 11:33:00,None,16.9035,17.728,10.085,116.15,24.225,1492.92,D8,5.448
41.012475,39.746764,2014-05-25 11:33:00,None,16.615,17.735,10.009,114.61,24.0767,1492.018,D8,5.924
41.012475,39.746764,2014-05-25 11:33:00,None,16.3726,17.723,9.946,113.32,23.9297,1491.236,D8,6.416
41.012475,39.746764,2014-05-25 11:33:00,None,16.0179,17.755,9.797,110.83,23.7753,1490.136,D8,6.941
41.012475,39.746764,2014-05-25 11:33:00,None,15.9954,17.75,9.724,109.95,23.7581,1490.066,D8,7.4
41.012475,39.746764,2014-05-25 11:33:00,None,15.75,17.777,9.713,109.29,23.6577,1489.306,D8,7.893
41.012475,39.746764,2014-05-25 11:33:00,None,15.5301,17.759,9.707,108.72,23.5155,1488.573,D8,8.401
41.012475,39.746764,2014-05-25 11:33:00,None,15.3344,17.768,9.7,108.2,23.4212,1487.948,D8,8.926
41.012475,39.746764,2014-05-25 11:33:00,None,15.1399,17.768,9.722,108.02,23.3158,1487.312,D8,9.402
41.012475,39.746764,2014-05-25 11:33:00,None,14.8159,17.774,9.773,107.85,23.1479,1486.248,D8,9.911
41.012475,39.746764,2014-05-25 11:33:00,None,14.6077,17.769,9.812,107.81,23.0303,1485.553,D8,10.387
41.012475,39.746764,2014-05-25 11:33:00,None,14.5214,17.774,9.817,107.67,22.9899,1485.277,D8,10.928
41.012475,39.746764,2014-05-25 11:33:00,None,14.4777,17.776,9.834,107.76,22.9691,1485.139,D8,11.388
41.012475,39.746764,2014-05-25 11:33:00,None,14.2335,17.77,9.896,107.88,22.8306,1484.314,D8,11.897
41.012475,39.746764,2014-05-25 11:33:00,None,13.968,17.792,9.929,107.65,22.713,1483.443,D8,12.389
41.012475,39.746764,2014-05-25 11:33:00,None,13.8581,17.807,9.945,107.58,22.6726,1483.094,D8,12.914
41.012475,39.746764,2014-05-25 11:33:00,None,13.8037,17.794,9.957,107.58,22.6273,1482.898,D8,13.39
41.012475,39.746764,2014-05-25 11:33:00,None,13.6706,17.781,9.978,107.49,22.5415,1482.435,D8,13.915
41.012475,39.746764,2014-05-25 11:33:00,None,13.4377,17.792,10.006,107.26,22.43,1481.651,D8,14.374
41.012475,39.746764,2014-05-25 11:33:00,None,13.1521,17.802,10.031,106.88,22.2891,1480.678,D8,14.883
41.012475,39.746764,2014-05-25 11:33:00,None,12.9824,17.812,10.034,106.52,22.2095,1480.105,D8,15.408
41.012475,39.746764,2014-05-25 11:33:00,None,12.7205,17.846,10.046,106.07,22.1091,1479.232,D8,15.851
41.012475,39.746764,2014-05-25 11:33:00,None,12.5006,17.846,10.069,105.81,21.9915,1478.461,D8,16.36
41.012475,39.746764,2014-05-25 11:33:00,None,12.4148,17.846,10.065,105.57,21.9461,1478.165,D8,16.852
41.012475,39.746764,2014-05-25 11:33:00,None,12.3681,17.838,10.07,105.5,21.9118,1477.997,D8,17.361
41.012475,39.746764,2014-05-25 11:33:00,None,12.3155,17.843,10.054,105.22,21.8898,1477.824,D8,17.853
41.012475,39.746764,2014-05-25 11:33:00,None,12.1931,17.828,10.065,105.05,21.809,1477.379,D8,18.395
41.012475,39.746764,2014-05-25 11:33:00,None,11.6858,17.822,10.128,104.52,21.5334,1475.554,D8,18.854
41.012475,39.746764,2014-05-25 11:33:00,None,10.9243,17.876,10.267,104.21,21.1904,1472.842,D8,19.347
41.012475,39.746764,2014-05-25 11:33:00,None,10.5861,17.911,10.215,102.93,21.0508,1471.64,D8,19.905
41.012475,39.746764,2014-05-25 11:33:00,None,10.4939,17.915,10.211,102.68,21.0067,1471.31,D8,20.397
41.012475,39.746764,2014-05-25 11:33:00,None,10.4017,17.931,10.208,102.44,20.9749,1470.992,D8,20.922
41.012475,39.746764,2014-05-25 11:33:00,None,10.3011,17.928,10.217,102.3,20.9198,1470.621,D8,21.398
41.012475,39.746764,2014-05-25 11:33:00,None,10.1356,17.951,10.232,102.07,20.8573,1470.034,D8,21.825
41.012475,39.746764,2014-05-25 11:33:00,None,9.9364,17.961,10.259,101.89,20.763,1469.303,D8,22.399
41.012475,39.746764,2014-05-25 11:33:00,None,9.8039,17.998,10.271,101.73,20.7324,1468.854,D8,22.875
41.012475,39.746764,2014-05-25 11:33:00,None,9.7152,18.008,10.242,101.24,20.6969,1468.539,D8,23.433
41.012475,39.746764,2014-05-25 11:33:00,None,9.6916,18.009,10.224,101,20.6858,1468.458,D8,23.942
41.012475,39.746764,2014-05-25 11:33:00,None,9.6555,18.015,10.195,100.64,20.6736,1468.336,D8,24.418
41.012475,39.746764,2014-05-25 11:33:00,None,9.6431,18.016,10.173,100.4,20.6675,1468.296,D8,24.812
41.012475,39.746764,2014-05-25 11:33:00,None,9.633,18.015,10.149,100.14,20.6613,1468.265,D8,25.321
41.012475,39.746764,2014-05-25 11:33:00,None,9.5751,18.031,10.109,99.62,20.6479,1468.072,D8,25.846
41.012475,39.746764,2014-05-25 11:33:00,None,9.5136,18.037,10.082,99.22,20.6222,1467.853,D8,26.404
41.012475,39.746764,2014-05-25 11:33:00,None,9.4705,18.05,10.055,98.86,20.6136,1467.712,D8,26.88
41.012475,39.746764,2014-05-25 11:33:00,None,9.4616,18.055,10.001,98.31,20.6136,1467.691,D8,27.339
41.012475,39.746764,2014-05-25 11:33:00,None,9.4527,18.057,9.939,97.69,20.6111,1467.667,D8,27.815
41.012475,39.746764,2014-05-25 11:33:00,None,9.4427,18.057,9.899,97.27,20.6062,1467.637,D8,28.324
41.012475,39.746764,2014-05-25 11:33:00,None,9.4261,18.061,9.861,96.86,20.6026,1467.587,D8,28.8
41.012475,39.746764,2014-05-25 11:33:00,None,9.3936,18.078,9.809,96.29,20.6026,1467.491,D8,29.309
41.012475,39.746764,2014-05-25 11:33:00,None,9.3735,18.082,9.781,95.97,20.5964,1467.428,D8,29.85
41.012475,39.746764,2014-05-25 11:33:00,None,9.3362,18.093,9.754,95.64,20.5891,1467.306,D8,30.294
41.012772,39.740344,2014-05-25 12:10:00,None,22.1614,0.012,8.701,100.1,-0.005,1488.847,D9,1.805
41.012772,39.740344,2014-05-25 12:10:00,None,21.8114,14.621,7.989,99.4,22.6003,1504.038,D9,1.936
41.012772,39.740344,2014-05-25 12:10:00,None,21.5897,16.685,8.137,102.05,25.3808,1505.689,D9,2.461
41.012772,39.740344,2014-05-25 12:10:00,None,20.6916,17.411,9.222,114.19,25.8907,1503.949,D9,2.921
41.012772,39.740344,2014-05-25 12:10:00,None,20.1932,17.491,9.586,117.63,25.724,1502.607,D9,3.429
41.012772,39.740344,2014-05-25 12:10:00,None,19.8479,17.454,9.8,119.43,25.4837,1501.566,D9,3.955
41.012772,39.740344,2014-05-25 12:10:00,None,18.7234,17.631,9.937,118.6,25.0988,1498.424,D9,4.414
41.012772,39.740344,2014-05-25 12:10:00,None,18.1097,17.65,10.004,117.97,24.7863,1496.585,D9,4.939
41.012772,39.740344,2014-05-25 12:10:00,None,17.7378,17.678,9.958,116.59,24.6184,1495.478,D9,5.464
41.012772,39.740344,2014-05-25 12:10:00,None,17.4948,17.718,9.872,115.06,24.5363,1494.775,D9,5.907
41.012772,39.740344,2014-05-25 12:10:00,None,17.0632,17.741,9.782,113.03,24.3292,1493.456,D9,6.416
41.012772,39.740344,2014-05-25 12:10:00,None,16.2106,17.768,9.794,111.25,23.8966,1490.774,D9,6.908
41.012772,39.740344,2014-05-25 12:10:00,None,15.8369,17.759,9.793,110.39,23.6822,1489.561,D9,7.45
41.012772,39.740344,2014-05-25 12:10:00,None,15.701,17.768,9.721,109.26,23.6197,1489.135,D9,7.893
41.012772,39.740344,2014-05-25 12:10:00,None,15.5573,17.763,9.717,108.89,23.5351,1488.668,D9,8.467
41.012772,39.740344,2014-05-25 12:10:00,None,15.4337,17.765,9.741,108.89,23.4714,1488.272,D9,8.91
41.012772,39.740344,2014-05-25 12:10:00,None,15.3492,17.764,9.745,108.75,23.4249,1488,D9,9.386
41.012772,39.740344,2014-05-25 12:10:00,None,15.1405,17.77,9.772,108.57,23.3183,1487.324,D9,9.911
41.012772,39.740344,2014-05-25 12:10:00,None,14.9974,17.766,9.799,108.55,23.2362,1486.852,D9,10.387
41.012772,39.740344,2014-05-25 12:10:00,None,14.8301,17.759,9.855,108.79,23.1381,1486.295,D9,10.945
41.012772,39.740344,2014-05-25 12:10:00,None,14.4392,17.787,9.888,108.27,22.9605,1485.022,D9,11.404
41.012772,39.740344,2014-05-25 12:10:00,None,14.4191,17.772,9.938,108.77,22.9323,1484.945,D9,11.913
41.012772,39.740344,2014-05-25 12:10:00,None,14.2867,17.758,9.977,108.88,22.8453,1484.489,D9,12.389
41.012772,39.740344,2014-05-25 12:10:00,None,13.7079,17.786,10.097,108.86,22.5672,1482.552,D9,12.881
41.012772,39.740344,2014-05-25 12:10:00,None,13.3449,17.784,10.077,107.8,22.3712,1481.305,D9,13.472
41.012772,39.740344,2014-05-25 12:10:00,None,13.0747,17.829,10.096,107.41,22.2781,1480.423,D9,13.882
41.012772,39.740344,2014-05-25 12:10:00,None,12.7802,17.822,10.109,106.86,22.1127,1479.389,D9,14.391
41.012772,39.740344,2014-05-25 12:10:00,None,12.6501,17.842,10.106,106.54,22.0662,1478.962,D9,14.883
41.012772,39.740344,2014-05-25 12:10:00,None,12.6425,17.839,10.107,106.53,22.0588,1478.939,D9,15.359
41.012772,39.740344,2014-05-25 12:10:00,None,12.568,17.842,10.122,106.52,22.0233,1478.688,D9,15.884
41.012772,39.740344,2014-05-25 12:10:00,None,12.3338,17.843,10.143,106.19,21.8996,1477.866,D9,16.393
41.012772,39.740344,2014-05-25 12:10:00,None,12.1582,17.842,10.162,105.98,21.8053,1477.246,D9,16.902
41.012772,39.740344,2014-05-25 12:10:00,None,11.988,17.854,10.165,105.63,21.7281,1476.657,D9,17.361
41.012772,39.740344,2014-05-25 12:10:00,None,11.9407,17.871,10.155,105.43,21.722,1476.516,D9,17.886
41.012772,39.740344,2014-05-25 12:10:00,None,11.8668,17.863,10.159,105.29,21.6742,1476.248,D9,18.362
41.012772,39.740344,2014-05-25 12:10:00,None,11.7692,17.864,10.14,104.87,21.624,1475.905,D9,18.854
41.012772,39.740344,2014-05-25 12:10:00,None,11.674,17.871,10.153,104.79,21.5811,1475.578,D9,19.38
41.012772,39.740344,2014-05-25 12:10:00,None,11.3169,17.877,10.248,104.93,21.3986,1474.293,D9,19.856
41.012772,39.740344,2014-05-25 12:10:00,None,10.8746,17.921,10.28,104.26,21.2137,1472.73,D9,20.381
41.012772,39.740344,2014-05-25 12:10:00,None,10.5406,17.936,10.279,103.48,21.0532,1471.516,D9,20.873
41.012772,39.740344,2014-05-25 12:10:00,None,10.5288,17.923,10.256,103.21,21.0336,1471.465,D9,21.365
41.012772,39.740344,2014-05-25 12:10:00,None,10.3928,17.93,10.215,102.49,20.97,1470.973,D9,21.841
41.012772,39.740344,2014-05-25 12:10:00,None,9.6721,18.022,10.495,103.65,20.6883,1468.373,D9,22.334
41.012772,39.740344,2014-05-25 12:10:00,None,9.6283,18.022,10.195,100.59,20.6662,1468.216,D9,22.859
41.012772,39.740344,2014-05-25 12:10:00,None,9.5467,18.036,10.095,99.42,20.6381,1467.929,D9,23.318
41.012772,39.740344,2014-05-25 12:10:00,None,9.4799,18.047,9.916,97.51,20.6148,1467.696,D9,23.827
41.012772,39.740344,2014-05-25 12:10:00,None,9.4385,18.058,9.801,96.3,20.6038,1467.558,D9,24.336
41.012772,39.740344,2014-05-25 12:10:00,None,9.4042,18.055,9.745,95.67,20.583,1467.432,D9,24.878
41.012772,39.740344,2014-05-25 12:10:00,None,9.3877,18.064,9.781,95.99,20.5842,1467.387,D9,25.337
41.012772,39.740344,2014-05-25 12:10:00,None,9.3611,18.075,9.702,95.17,20.5817,1467.307,D9,25.879
41.012772,39.740344,2014-05-25 12:10:00,None,9.3404,18.079,9.668,94.79,20.5756,1467.242,D9,26.387
41.012772,39.740344,2014-05-25 12:10:00,None,9.3102,18.089,9.648,94.54,20.5695,1467.144,D9,26.847
41.012772,39.740344,2014-05-25 12:10:00,None,9.1855,18.121,9.633,94.13,20.5377,1466.712,D9,27.356
41.012772,39.740344,2014-05-25 12:10:00,None,9.1039,18.149,9.597,93.62,20.5242,1466.439,D9,27.799
41.012772,39.740344,2014-05-25 12:10:00,None,9.0921,18.147,9.574,93.38,20.5156,1466.4,D9,28.34
41.012772,39.740344,2014-05-25 12:10:00,None,9.0796,18.151,9.53,92.92,20.5132,1466.364,D9,28.8
41.012772,39.740344,2014-05-25 12:10:00,None,9.0489,18.16,9.49,92.47,20.507,1466.265,D9,29.309
41.012772,39.740344,2014-05-25 12:10:00,None,9.0383,18.163,9.469,92.24,20.5046,1466.235,D9,29.801
41.012772,39.740344,2014-05-25 12:10:00,None,9.0359,18.164,9.405,91.62,20.5046,1466.236,D9,30.326
41.012772,39.740344,2014-05-25 12:10:00,None,9.0353,18.164,9.503,92.57,20.5046,1466.242,D9,30.802
41.009444,39.738056,2014-05-25 12:33:00,22,21.7375,0.011,7.71,87.97,-0.0026,1487.608,D10,1.608
41.009444,39.738056,2014-05-25 12:33:00,None,20.9216,13.908,9.005,109.71,21.1867,1500.725,D10,1.92
41.009444,39.738056,2014-05-25 12:33:00,None,20.0803,17.23,9.226,112.79,25.3121,1501.973,D10,2.461
41.009444,39.738056,2014-05-25 12:33:00,None,19.8148,17.457,9.557,116.39,25.4702,1501.456,D10,2.937
41.009444,39.738056,2014-05-25 12:33:00,None,19.1615,17.531,9.749,117.28,25.2092,1499.612,D10,3.413
41.009444,39.738056,2014-05-25 12:33:00,None,18.6601,17.532,9.864,117.51,24.9358,1498.114,D10,3.938
41.009444,39.738056,2014-05-25 12:33:00,None,17.9944,17.604,9.873,116.13,24.665,1496.171,D10,4.43
41.009444,39.738056,2014-05-25 12:33:00,None,17.7153,17.638,9.833,115.05,24.5547,1495.354,D10,4.906
41.009444,39.738056,2014-05-25 12:33:00,None,17.441,17.683,9.744,113.42,24.4628,1494.56,D10,5.415
41.009444,39.738056,2014-05-25 12:33:00,None,16.9928,17.723,9.705,111.98,24.2679,1493.205,D10,5.94
41.009444,39.738056,2014-05-25 12:33:00,None,16.7995,17.739,9.66,111.02,24.1821,1492.618,D10,6.416
41.009444,39.738056,2014-05-25 12:33:00,None,16.6174,17.747,9.674,110.78,24.0927,1492.056,D10,6.924
41.009444,39.738056,2014-05-25 12:33:00,None,16.4997,17.747,9.675,110.53,24.029,1491.688,D10,7.4
41.009444,39.738056,2014-05-25 12:33:00,None,16.1054,17.795,9.727,110.27,23.8721,1490.481,D10,7.925
41.006833,39.738906,2014-05-25 12:53:00,None,20.209,14.285,8.078,97.32,21.379,1499.058,D11,1.936
41.006833,39.738906,2014-05-25 12:53:00,None,20.2269,14.722,8.13,98.18,21.9853,1499.614,D11,2.445
41.006833,39.738906,2014-05-25 12:53:00,None,20.3381,14.317,8.291,100.13,21.488,1499.503,D11,2.97
41.006833,39.738906,2014-05-25 12:53:00,None,20.2293,14.398,8.617,103.89,21.5493,1499.282,D11,3.413
41.006833,39.738906,2014-05-25 12:53:00,None,19.5316,16.567,9.066,108.24,24.1343,1499.646,D11,3.922
41.006833,39.738906,2014-05-25 12:53:00,None,18.9019,17.211,9.391,112.2,24.6491,1498.492,D11,4.414
41.006833,39.738906,2014-05-25 12:53:00,None,18.7382,17.389,9.572,114.11,24.7924,1498.206,D11,4.939
41.006833,39.738906,2014-05-25 12:53:00,None,18.2965,17.476,9.869,116.7,24.665,1496.97,D11,5.431
41.006833,39.738906,2014-05-25 12:53:00,None,18.076,17.527,10.011,117.89,24.6111,1496.36,D11,5.924
41.006833,39.738906,2014-05-25 12:53:00,None,17.6195,17.579,10.117,118.1,24.4285,1495.015,D11,6.432
41.006833,39.738906,2014-05-25 12:53:00,None,17.1022,17.661,10.166,115.51,24.2495,1493.495,D11,6.908
41.006833,39.738906,2014-05-25 12:53:00,None,16.8716,17.671,10.1,116.21,24.1368,1492.786,D11,7.4
41.006833,39.738906,2014-05-25 12:53:00,None,16.6611,17.691,9.943,111.93,24.0473,1492.148,D11,7.925
41.006833,39.738906,2014-05-25 12:53:00,None,16.576,17.718,9.7,110.97,24.0351,1491.916,D11,8.434
41.006833,39.738906,2014-05-25 12:53:00,None,16.3661,17.73,9.481,108.01,23.9346,1491.264,D11,8.91
41.006833,39.738906,2014-05-25 12:53:00,None,16.1018,17.767,9.343,105.88,23.8292,1490.455,D11,9.386
41.006833,39.738906,2014-05-25 12:53:00,None,15.8624,17.763,9.299,104.87,23.7042,1489.691,D11,9.895
41.004142,39.741275,2014-05-25 13:18:00,28,20.205,14.283,8.078,97.29,21.379,1499.058,D12,1.936
41.004142,39.741275,2014-05-25 13:18:00,None,20.2269,14.718,8.13,98.21,21.9853,1499.614,D12,2.445
41.004142,39.741275,2014-05-25 13:18:00,None,20.3381,14.317,8.291,100.13,21.488,1499.503,D12,2.97
41.004142,39.741275,2014-05-25 13:18:00,None,20.2293,14.398,8.617,103.89,21.5493,1499.282,D12,3.413
41.004142,39.741275,2014-05-25 13:18:00,None,19.5316,16.567,9.066,109.24,24.1343,1499.646,D12,3.922
41.004142,39.741275,2014-05-25 13:18:00,None,18.9019,17.211,9.391,112.2,24.6491,1498.492,D12,4.414
41.004142,39.741275,2014-05-25 13:18:00,None,18.7382,17.389,9.572,114.11,24.7924,1498.206,D12,4.939
41.004142,39.741275,2014-05-25 13:18:00,None,18.2965,17.476,9.869,116.7,24.665,1496.97,D12,5.431
41.004142,39.741275,2014-05-25 13:18:00,None,18.076,17.527,10.011,117.89,24.6111,1496.36,D12,5.924
41.004142,39.741275,2014-05-25 13:18:00,None,17.6195,17.579,10.117,118.1,24.4285,1495.015,D12,6.432
41.004142,39.741275,2014-05-25 13:18:00,None,17.1022,17.661,10.166,117.51,24.2495,1493.495,D12,6.908
41.004142,39.741275,2014-05-25 13:18:00,None,16.8716,17.671,10.1,116.21,24.1368,1492.786,D12,7.4
41.004142,39.741275,2014-05-25 13:18:00,None,16.6611,17.691,9.943,113.93,24.0473,1492.148,D12,7.925
41.004142,39.741275,2014-05-25 13:18:00,None,16.576,17.718,9.7,110.97,24.0351,1491.916,D12,8.434
41.004142,39.741275,2014-05-25 13:18:00,None,16.3661,17.73,9.481,108.01,23.9346,1491.264,D12,8.91
41.004142,39.741275,2014-05-25 13:18:00,None,16.1018,17.761,9.343,105.88,23.8292,1490.455,D12,9.386
41.004142,39.741275,2014-05-25 13:18:00,None,15.8624,17.765,9.299,104.87,23.7042,1489.691,D12,9.895
41.004142,39.741275,2014-05-25 13:18:00,None,15.8399,17.756,9.397,105.92,23.6809,1489.616,D12,10.403
41.004142,39.741275,2014-05-25 13:18:00,None,15.7258,17.752,9.412,105.83,23.6148,1489.247,D12,10.879
41.001003,39.757106,2014-05-25 13:38:00,489,15.7,0.12,4.56,54.7,0.558,None,D13,0.64
