obs,age,beached,distance_shore,distance_traj,lat,lon,origin_lat,origin_lon,out_of_bounds,prev_lat,prev_lon,time,trajectory,z,geometry
0,0.0,0.0,0.0,0.0,46.19989776611328,30.75231314976858,46.199898,30.752314,0.0,46.199898,30.752314,2016-10-07 00:00:00,73,0.0,POINT (30.75231314976858 46.19989776611328)
1,0.0,0.0,0.0,0.0,46.20061053587071,30.754906579219032,46.199898,30.752314,0.0,46.199898,30.752314,2016-10-07 01:00:00,73,0.0,POINT (30.754906579219032 46.20061053587071)
2,0.0,0.0,0.0,0.0,46.196689395207954,30.75150145504418,46.199898,30.752314,0.0,46.199898,30.752314,2016-10-07 02:00:00,73,0.0,POINT (30.75150145504418 46.196689395207954)
3,0.0,0.0,0.0,0.0,46.19703848786571,30.75138684766412,46.199898,30.752314,0.0,46.199898,30.752314,2016-10-07 03:00:00,73,0.0,POINT (30.75138684766412 46.19703848786571)
4,0.0,0.0,0.0,0.0,46.19713932796473,30.74890351570786,46.199898,30.752314,0.0,46.199898,30.752314,2016-10-07 04:00:00,73,0.0,POINT (30.74890351570786 46.19713932796473)
5,0.0,0.0,0.0,0.0,46.19822632461889,30.742941734983948,46.199898,30.752314,0.0,46.199898,30.752314,2016-10-07 05:00:00,73,0.0,POINT (30.742941734983948 46.19822632461889)
6,0.0,0.0,0.0,0.0,46.19716981208655,30.740593538755657,46.199898,30.752314,0.0,46.199898,30.752314,2016-10-07 06:00:00,73,0.0,POINT (30.740593538755657 46.19716981208655)
7,0.0,0.0,0.0,0.0,46.19416221222362,30.73959290519168,46.199898,30.752314,0.0,46.199898,30.752314,2016-10-07 07:00:00,73,0.0,POINT (30.73959290519168 46.19416221222362)
8,0.0,0.0,0.0,0.0,46.19283639668731,30.736001164183847,46.199898,30.752314,0.0,46.199898,30.752314,2016-10-07 08:00:00,73,0.0,POINT (30.736001164183847 46.19283639668731)
9,0.0,0.0,0.0,0.0,46.189432652310636,30.732839485339586,46.199898,30.752314,0.0,46.199898,30.752314,2016-10-07 09:00:00,73,0.0,POINT (30.732839485339586 46.189432652310636)
10,0.0,0.0,0.0,0.0,46.185844891317956,30.72834599897619,46.199898,30.752314,0.0,46.199898,30.752314,2016-10-07 10:00:00,73,0.0,POINT (30.72834599897619 46.185844891317956)
11,0.0,0.0,0.0,0.0,46.18496365927692,30.725204896049405,46.199898,30.752314,0.0,46.199898,30.752314,2016-10-07 11:00:00,73,0.0,POINT (30.725204896049405 46.18496365927692)
12,0.0,0.0,0.0,0.0,46.18514164938362,30.722704949307417,46.199898,30.752314,0.0,46.199898,30.752314,2016-10-07 12:00:00,73,0.0,POINT (30.722704949307417 46.18514164938362)
13,0.0,0.0,0.0,0.0,46.18159495933331,30.722362442593653,46.199898,30.752314,0.0,46.199898,30.752314,2016-10-07 13:00:00,73,0.0,POINT (30.722362442593653 46.18159495933331)
14,0.0,0.0,0.0,0.0,46.178848657391924,30.713697745798495,46.199898,30.752314,0.0,46.199898,30.752314,2016-10-07 14:00:00,73,0.0,POINT (30.713697745798495 46.178848657391924)
15,0.0,0.0,0.0,0.0,46.1749985755262,30.71298755524491,46.199898,30.752314,0.0,46.199898,30.752314,2016-10-07 15:00:00,73,0.0,POINT (30.71298755524491 46.1749985755262)
16,0.0,0.0,0.0,0.0,46.17570013491079,30.707268966025673,46.199898,30.752314,0.0,46.199898,30.752314,2016-10-07 16:00:00,73,0.0,POINT (30.707268966025673 46.17570013491079)
17,0.0,0.0,0.0,0.0,46.176598590358076,30.705587196365666,46.199898,30.752314,0.0,46.199898,30.752314,2016-10-07 17:00:00,73,0.0,POINT (30.705587196365666 46.176598590358076)
18,0.0,0.0,0.0,0.0,46.170202218127535,30.699940314318997,46.199898,30.752314,0.0,46.199898,30.752314,2016-10-07 18:00:00,73,0.0,POINT (30.699940314318997 46.170202218127535)
19,0.0,0.0,0.0,0.0,46.17083557494933,30.688645380027136,46.199898,30.752314,0.0,46.199898,30.752314,2016-10-07 19:00:00,73,0.0,POINT (30.688645380027136 46.17083557494933)
20,0.0,0.0,0.0,0.0,46.16657900875655,30.68843565879985,46.199898,30.752314,0.0,46.199898,30.752314,2016-10-07 20:00:00,73,0.0,POINT (30.68843565879985 46.16657900875655)
21,0.0,0.0,0.0,0.0,46.166104368504996,30.686058417762357,46.199898,30.752314,0.0,46.199898,30.752314,2016-10-07 21:00:00,73,0.0,POINT (30.686058417762357 46.166104368504996)
22,0.0,0.0,0.0,0.0,46.16663433983414,30.681789881025463,46.199898,30.752314,0.0,46.199898,30.752314,2016-10-07 22:00:00,73,0.0,POINT (30.681789881025463 46.16663433983414)
23,0.0,0.0,0.0,0.0,46.166201731018006,30.683637479787915,46.199898,30.752314,0.0,46.199898,30.752314,2016-10-07 23:00:00,73,0.0,POINT (30.683637479787915 46.166201731018006)
24,0.0,0.0,0.0,0.0,46.17112282780206,30.67458673429823,46.199898,30.752314,0.0,46.199898,30.752314,2016-10-08 00:00:00,73,0.0,POINT (30.67458673429823 46.17112282780206)
25,0.0,0.0,0.0,0.0,46.16784008614536,30.66741266322195,46.199898,30.752314,0.0,46.199898,30.752314,2016-10-08 01:00:00,73,0.0,POINT (30.66741266322195 46.16784008614536)
26,0.0,0.0,0.0,0.0,46.1653430933301,30.66606884115948,46.199898,30.752314,0.0,46.199898,30.752314,2016-10-08 02:00:00,73,0.0,POINT (30.66606884115948 46.1653430933301)
27,0.0,0.0,0.0,0.0,46.16807851008683,30.664748726129147,46.199898,30.752314,0.0,46.199898,30.752314,2016-10-08 03:00:00,73,0.0,POINT (30.664748726129147 46.16807851008683)
28,0.0,0.0,0.0,0.0,46.166642556510226,30.66772230138178,46.199898,30.752314,0.0,46.199898,30.752314,2016-10-08 04:00:00,73,0.0,POINT (30.66772230138178 46.166642556510226)
29,0.0,0.0,0.0,0.0,46.1640115166029,30.66366775353839,46.199898,30.752314,0.0,46.199898,30.752314,2016-10-08 05:00:00,73,0.0,POINT (30.66366775353839 46.1640115166029)
30,0.0,0.0,0.0,0.0,46.16055239156529,30.6621966687539,46.199898,30.752314,0.0,46.199898,30.752314,2016-10-08 06:00:00,73,0.0,POINT (30.6621966687539 46.16055239156529)
31,0.0,0.0,0.0,0.0,46.16049218501976,30.6536768431008,46.199898,30.752314,0.0,46.199898,30.752314,2016-10-08 07:00:00,73,0.0,POINT (30.6536768431008 46.16049218501976)
32,0.0,0.0,0.0,0.0,46.1606066894031,30.648542625059715,46.199898,30.752314,0.0,46.199898,30.752314,2016-10-08 08:00:00,73,0.0,POINT (30.648542625059715 46.1606066894031)
33,0.0,0.0,0.0,0.0,46.15807965625934,30.649767794212966,46.199898,30.752314,0.0,46.199898,30.752314,2016-10-08 09:00:00,73,0.0,POINT (30.649767794212966 46.15807965625934)
34,0.0,0.0,0.0,0.0,46.1530381590697,30.646109371413445,46.199898,30.752314,0.0,46.199898,30.752314,2016-10-08 10:00:00,73,0.0,POINT (30.646109371413445 46.1530381590697)
35,0.0,0.0,0.0,0.0,46.15376056989947,30.644476699199487,46.199898,30.752314,0.0,46.199898,30.752314,2016-10-08 11:00:00,73,0.0,POINT (30.644476699199487 46.15376056989947)
36,0.0,0.0,0.0,0.0,46.152452380197616,30.639310805337153,46.199898,30.752314,0.0,46.199898,30.752314,2016-10-08 12:00:00,73,0.0,POINT (30.639310805337153 46.152452380197616)
37,0.0,0.0,0.0,0.0,46.14547679024209,30.636071195254658,46.199898,30.752314,0.0,46.199898,30.752314,2016-10-08 13:00:00,73,0.0,POINT (30.636071195254658 46.14547679024209)
38,0.0,0.0,0.0,0.0,46.14068636529319,30.63619955244605,46.199898,30.752314,0.0,46.199898,30.752314,2016-10-08 14:00:00,73,0.0,POINT (30.63619955244605 46.14068636529319)
39,0.0,0.0,0.0,0.0,46.13423806883336,30.640580557829907,46.199898,30.752314,0.0,46.199898,30.752314,2016-10-08 15:00:00,73,0.0,POINT (30.640580557829907 46.13423806883336)
40,0.0,0.0,0.0,0.0,46.12188858671101,30.63412636970715,46.199898,30.752314,0.0,46.199898,30.752314,2016-10-08 16:00:00,73,0.0,POINT (30.63412636970715 46.12188858671101)
41,0.0,0.0,0.0,0.0,46.112830552220366,30.63057656132971,46.199898,30.752314,0.0,46.199898,30.752314,2016-10-08 17:00:00,73,0.0,POINT (30.63057656132971 46.112830552220366)
42,0.0,0.0,0.0,0.0,46.10560083308757,30.629881988053747,46.199898,30.752314,0.0,46.199898,30.752314,2016-10-08 18:00:00,73,0.0,POINT (30.629881988053747 46.10560083308757)
43,0.0,0.0,0.0,0.0,46.092631574454195,30.62994679469272,46.199898,30.752314,0.0,46.199898,30.752314,2016-10-08 19:00:00,73,0.0,POINT (30.62994679469272 46.092631574454195)
44,0.0,0.0,0.0,0.0,46.08660590088918,30.62888886297076,46.199898,30.752314,0.0,46.199898,30.752314,2016-10-08 20:00:00,73,0.0,POINT (30.62888886297076 46.08660590088918)
45,0.0,0.0,0.0,0.0,46.081889561275226,30.636866668526274,46.199898,30.752314,0.0,46.199898,30.752314,2016-10-08 21:00:00,73,0.0,POINT (30.636866668526274 46.081889561275226)
46,0.0,0.0,0.0,0.0,46.07302662402392,30.637409938024366,46.199898,30.752314,0.0,46.199898,30.752314,2016-10-08 22:00:00,73,0.0,POINT (30.637409938024366 46.07302662402392)
47,0.0,0.0,0.0,0.0,46.06649706169515,30.645309782953664,46.199898,30.752314,0.0,46.199898,30.752314,2016-10-08 23:00:00,73,0.0,POINT (30.645309782953664 46.06649706169515)
48,0.0,0.0,0.0,0.0,46.06243177292534,30.653389879987166,46.199898,30.752314,0.0,46.199898,30.752314,2016-10-09 00:00:00,73,0.0,POINT (30.653389879987166 46.06243177292534)
49,0.0,0.0,0.0,0.0,46.06071722002426,30.661234918067475,46.199898,30.752314,0.0,46.199898,30.752314,2016-10-09 01:00:00,73,0.0,POINT (30.661234918067475 46.06071722002426)
50,0.0,0.0,0.0,0.0,46.054850184238425,30.668630776819306,46.199898,30.752314,0.0,46.199898,30.752314,2016-10-09 02:00:00,73,0.0,POINT (30.668630776819306 46.054850184238425)
51,0.0,0.0,0.0,0.0,46.049142247318244,30.678041054789297,46.199898,30.752314,0.0,46.199898,30.752314,2016-10-09 03:00:00,73,0.0,POINT (30.678041054789297 46.049142247318244)
52,0.0,0.0,0.0,0.0,46.0434218497216,30.689303828680103,46.199898,30.752314,0.0,46.199898,30.752314,2016-10-09 04:00:00,73,0.0,POINT (30.689303828680103 46.0434218497216)
53,0.0,0.0,0.0,0.0,46.03616976808052,30.70278954060928,46.199898,30.752314,0.0,46.199898,30.752314,2016-10-09 05:00:00,73,0.0,POINT (30.70278954060928 46.03616976808052)
54,0.0,0.0,0.0,0.0,46.030408341210276,30.714505098152262,46.199898,30.752314,0.0,46.199898,30.752314,2016-10-09 06:00:00,73,0.0,POINT (30.714505098152262 46.030408341210276)
55,0.0,0.0,0.0,0.0,46.02259908477421,30.72450329099537,46.199898,30.752314,0.0,46.199898,30.752314,2016-10-09 07:00:00,73,0.0,POINT (30.72450329099537 46.02259908477421)
56,0.0,0.0,0.0,0.0,46.016156536750245,30.73705227083387,46.199898,30.752314,0.0,46.199898,30.752314,2016-10-09 08:00:00,73,0.0,POINT (30.73705227083387 46.016156536750245)
57,0.0,0.0,0.0,0.0,46.0174398579758,30.744039391965565,46.199898,30.752314,0.0,46.199898,30.752314,2016-10-09 09:00:00,73,0.0,POINT (30.744039391965565 46.0174398579758)
58,0.0,0.0,0.0,0.0,46.02255610466662,30.75711191688157,46.199898,30.752314,0.0,46.199898,30.752314,2016-10-09 10:00:00,73,0.0,POINT (30.75711191688157 46.02255610466662)
59,0.0,0.0,0.0,0.0,46.02504416656647,30.766767909441985,46.199898,30.752314,0.0,46.199898,30.752314,2016-10-09 11:00:00,73,0.0,POINT (30.766767909441985 46.02504416656647)
60,0.0,0.0,0.0,0.0,46.02847729363284,30.784968177483147,46.199898,30.752314,0.0,46.199898,30.752314,2016-10-09 12:00:00,73,0.0,POINT (30.784968177483147 46.02847729363284)
61,0.0,0.0,0.0,0.0,46.030777724410335,30.80030431140136,46.199898,30.752314,0.0,46.199898,30.752314,2016-10-09 13:00:00,73,0.0,POINT (30.80030431140136 46.030777724410335)
62,0.0,0.0,0.0,0.0,46.02676836355226,30.815557586624262,46.199898,30.752314,0.0,46.199898,30.752314,2016-10-09 14:00:00,73,0.0,POINT (30.815557586624262 46.02676836355226)
63,0.0,0.0,0.0,0.0,46.02317381243277,30.821937821764937,46.199898,30.752314,0.0,46.199898,30.752314,2016-10-09 15:00:00,73,0.0,POINT (30.821937821764937 46.02317381243277)
64,0.0,0.0,0.0,0.0,46.025284941025795,30.838412349107795,46.199898,30.752314,0.0,46.199898,30.752314,2016-10-09 16:00:00,73,0.0,POINT (30.838412349107795 46.025284941025795)
65,0.0,0.0,0.0,0.0,46.02719921781079,30.851458424794195,46.199898,30.752314,0.0,46.199898,30.752314,2016-10-09 17:00:00,73,0.0,POINT (30.851458424794195 46.02719921781079)
66,0.0,0.0,0.0,0.0,46.03118837816883,30.871898818734746,46.199898,30.752314,0.0,46.199898,30.752314,2016-10-09 18:00:00,73,0.0,POINT (30.871898818734746 46.03118837816883)
67,0.0,0.0,0.0,0.0,46.033967957011455,30.89284154314056,46.199898,30.752314,0.0,46.199898,30.752314,2016-10-09 19:00:00,73,0.0,POINT (30.89284154314056 46.033967957011455)
68,0.0,0.0,0.0,0.0,46.03738725575097,30.90836185348318,46.199898,30.752314,0.0,46.199898,30.752314,2016-10-09 20:00:00,73,0.0,POINT (30.90836185348318 46.03738725575097)
69,0.0,0.0,0.0,0.0,46.03761414728464,30.922778438070115,46.199898,30.752314,0.0,46.199898,30.752314,2016-10-09 21:00:00,73,0.0,POINT (30.922778438070115 46.03761414728464)
70,0.0,0.0,0.0,0.0,46.035486252527676,30.94209567504124,46.199898,30.752314,0.0,46.199898,30.752314,2016-10-09 22:00:00,73,0.0,POINT (30.94209567504124 46.035486252527676)
71,0.0,0.0,0.0,0.0,46.036750867332195,30.961951203734245,46.199898,30.752314,0.0,46.199898,30.752314,2016-10-09 23:00:00,73,0.0,POINT (30.961951203734245 46.036750867332195)
72,0.0,0.0,0.0,0.0,46.03812353754539,30.97620898444656,46.199898,30.752314,0.0,46.199898,30.752314,2016-10-10 00:00:00,73,0.0,POINT (30.97620898444656 46.03812353754539)
73,0.0,0.0,0.0,0.0,46.03815664942405,30.995818466082717,46.199898,30.752314,0.0,46.199898,30.752314,2016-10-10 01:00:00,73,0.0,POINT (30.995818466082717 46.03815664942405)
74,0.0,0.0,0.0,0.0,46.04081502003973,31.01793553031326,46.199898,30.752314,0.0,46.199898,30.752314,2016-10-10 02:00:00,73,0.0,POINT (31.01793553031326 46.04081502003973)
75,0.0,0.0,0.0,0.0,46.045428868609015,31.03795457190172,46.199898,30.752314,0.0,46.199898,30.752314,2016-10-10 03:00:00,73,0.0,POINT (31.03795457190172 46.045428868609015)
76,0.0,0.0,0.0,0.0,46.049499824496436,31.055451529908975,46.199898,30.752314,0.0,46.199898,30.752314,2016-10-10 04:00:00,73,0.0,POINT (31.055451529908975 46.049499824496436)
77,0.0,0.0,0.0,0.0,46.05403869836439,31.06776869455756,46.199898,30.752314,0.0,46.199898,30.752314,2016-10-10 05:00:00,73,0.0,POINT (31.06776869455756 46.05403869836439)
78,0.0,0.0,0.0,0.0,46.06062699434121,31.07064407314783,46.199898,30.752314,0.0,46.199898,30.752314,2016-10-10 06:00:00,73,0.0,POINT (31.07064407314783 46.06062699434121)
79,0.0,0.0,0.0,0.0,46.06675689868743,31.078437759602068,46.199898,30.752314,0.0,46.199898,30.752314,2016-10-10 07:00:00,73,0.0,POINT (31.078437759602068 46.06675689868743)
80,0.0,0.0,0.0,0.0,46.07053861432851,31.084935554256187,46.199898,30.752314,0.0,46.199898,30.752314,2016-10-10 08:00:00,73,0.0,POINT (31.084935554256187 46.07053861432851)
81,0.0,0.0,0.0,0.0,46.07649969514173,31.09968370842834,46.199898,30.752314,0.0,46.199898,30.752314,2016-10-10 09:00:00,73,0.0,POINT (31.09968370842834 46.07649969514173)
82,0.0,0.0,0.0,0.0,46.08121701996191,31.10754289038401,46.199898,30.752314,0.0,46.199898,30.752314,2016-10-10 10:00:00,73,0.0,POINT (31.10754289038401 46.08121701996191)
83,0.0,0.0,0.0,0.0,46.08680345865285,31.10928552045276,46.199898,30.752314,0.0,46.199898,30.752314,2016-10-10 11:00:00,73,0.0,POINT (31.10928552045276 46.08680345865285)
84,0.0,0.0,0.0,0.0,46.090565761051124,31.116559409637794,46.199898,30.752314,0.0,46.199898,30.752314,2016-10-10 12:00:00,73,0.0,POINT (31.116559409637794 46.090565761051124)
85,0.0,0.0,0.0,0.0,46.093948372504315,31.12380108985333,46.199898,30.752314,0.0,46.199898,30.752314,2016-10-10 13:00:00,73,0.0,POINT (31.12380108985333 46.093948372504315)
86,0.0,0.0,0.0,0.0,46.10184503372263,31.132152015105568,46.199898,30.752314,0.0,46.199898,30.752314,2016-10-10 14:00:00,73,0.0,POINT (31.132152015105568 46.10184503372263)
87,0.0,0.0,0.0,0.0,46.105284333293774,31.135164749859126,46.199898,30.752314,0.0,46.199898,30.752314,2016-10-10 15:00:00,73,0.0,POINT (31.135164749859126 46.105284333293774)
88,0.0,0.0,0.0,0.0,46.11366005349648,31.135242864801164,46.199898,30.752314,0.0,46.199898,30.752314,2016-10-10 16:00:00,73,0.0,POINT (31.135242864801164 46.11366005349648)
89,0.0,0.0,0.0,0.0,46.11505070260084,31.14602679630373,46.199898,30.752314,0.0,46.199898,30.752314,2016-10-10 17:00:00,73,0.0,POINT (31.14602679630373 46.11505070260084)
90,0.0,0.0,0.0,0.0,46.11602471730529,31.149193536357924,46.199898,30.752314,0.0,46.199898,30.752314,2016-10-10 18:00:00,73,0.0,POINT (31.149193536357924 46.11602471730529)
91,0.0,0.0,0.0,0.0,46.120258565222805,31.15092252979464,46.199898,30.752314,0.0,46.199898,30.752314,2016-10-10 19:00:00,73,0.0,POINT (31.15092252979464 46.120258565222805)
92,0.0,0.0,0.0,0.0,46.12498195306132,31.154139552814485,46.199898,30.752314,0.0,46.199898,30.752314,2016-10-10 20:00:00,73,0.0,POINT (31.154139552814485 46.12498195306132)
93,0.0,0.0,0.0,0.0,46.13092496154613,31.1644239010788,46.199898,30.752314,0.0,46.199898,30.752314,2016-10-10 21:00:00,73,0.0,POINT (31.1644239010788 46.13092496154613)
94,0.0,0.0,0.0,0.0,46.13956977979977,31.168621509168467,46.199898,30.752314,0.0,46.199898,30.752314,2016-10-10 22:00:00,73,0.0,POINT (31.168621509168467 46.13956977979977)
95,0.0,0.0,0.0,0.0,46.13951684523194,31.169433219423045,46.199898,30.752314,0.0,46.199898,30.752314,2016-10-10 23:00:00,73,0.0,POINT (31.169433219423045 46.13951684523194)
96,0.0,0.0,0.0,0.0,46.13892206429092,31.178733360390893,46.199898,30.752314,0.0,46.199898,30.752314,2016-10-11 00:00:00,73,0.0,POINT (31.178733360390893 46.13892206429092)
97,0.0,0.0,0.0,0.0,46.14160257639304,31.18638727636417,46.199898,30.752314,0.0,46.199898,30.752314,2016-10-11 01:00:00,73,0.0,POINT (31.18638727636417 46.14160257639304)
98,0.0,0.0,0.0,0.0,46.14148135868188,31.183507582530936,46.199898,30.752314,0.0,46.199898,30.752314,2016-10-11 02:00:00,73,0.0,POINT (31.183507582530936 46.14148135868188)
99,0.0,0.0,0.0,0.0,46.13734902808448,31.183499075790294,46.199898,30.752314,0.0,46.199898,30.752314,2016-10-11 03:00:00,73,0.0,POINT (31.183499075790294 46.13734902808448)
100,0.0,0.0,0.0,0.0,46.140230642410074,31.184480629951715,46.199898,30.752314,0.0,46.199898,30.752314,2016-10-11 04:00:00,73,0.0,POINT (31.184480629951715 46.140230642410074)
101,0.0,0.0,0.0,0.0,46.14128148474623,31.183827018245946,46.199898,30.752314,0.0,46.199898,30.752314,2016-10-11 05:00:00,73,0.0,POINT (31.183827018245946 46.14128148474623)
102,0.0,0.0,0.0,0.0,46.1433597790377,31.184991366722755,46.199898,30.752314,0.0,46.199898,30.752314,2016-10-11 06:00:00,73,0.0,POINT (31.184991366722755 46.1433597790377)
103,0.0,0.0,0.0,0.0,46.14020932283606,31.183347719544713,46.199898,30.752314,0.0,46.199898,30.752314,2016-10-11 07:00:00,73,0.0,POINT (31.183347719544713 46.14020932283606)
104,0.0,0.0,0.0,0.0,46.14074287222974,31.188629782411283,46.199898,30.752314,0.0,46.199898,30.752314,2016-10-11 08:00:00,73,0.0,POINT (31.188629782411283 46.14074287222974)
105,0.0,0.0,0.0,0.0,46.13975895412254,31.189954208936513,46.199898,30.752314,0.0,46.199898,30.752314,2016-10-11 09:00:00,73,0.0,POINT (31.189954208936513 46.13975895412254)
106,0.0,0.0,0.0,0.0,46.139778205976484,31.197059873822827,46.199898,30.752314,0.0,46.199898,30.752314,2016-10-11 10:00:00,73,0.0,POINT (31.197059873822827 46.139778205976484)
107,0.0,0.0,0.0,0.0,46.14146818109822,31.198864798805,46.199898,30.752314,0.0,46.199898,30.752314,2016-10-11 11:00:00,73,0.0,POINT (31.198864798805 46.14146818109822)
108,0.0,0.0,0.0,0.0,46.146300538237206,31.19965217981634,46.199898,30.752314,0.0,46.199898,30.752314,2016-10-11 12:00:00,73,0.0,POINT (31.19965217981634 46.146300538237206)
109,0.0,0.0,0.0,0.0,46.142200831640395,31.206876043553603,46.199898,30.752314,0.0,46.199898,30.752314,2016-10-11 13:00:00,73,0.0,POINT (31.206876043553603 46.142200831640395)
110,0.0,0.0,0.0,0.0,46.14175977193309,31.204588722171557,46.199898,30.752314,0.0,46.199898,30.752314,2016-10-11 14:00:00,73,0.0,POINT (31.204588722171557 46.14175977193309)
111,0.0,0.0,0.0,0.0,46.14629832033198,31.203680954145494,46.199898,30.752314,0.0,46.199898,30.752314,2016-10-11 15:00:00,73,0.0,POINT (31.203680954145494 46.14629832033198)
112,0.0,0.0,0.0,0.0,46.146752812110016,31.208683889364007,46.199898,30.752314,0.0,46.199898,30.752314,2016-10-11 16:00:00,73,0.0,POINT (31.208683889364007 46.146752812110016)
113,0.0,0.0,0.0,0.0,46.1445969810448,31.212354232900015,46.199898,30.752314,0.0,46.199898,30.752314,2016-10-11 17:00:00,73,0.0,POINT (31.212354232900015 46.1445969810448)
114,0.0,0.0,0.0,0.0,46.1409498692327,31.21471990332009,46.199898,30.752314,0.0,46.199898,30.752314,2016-10-11 18:00:00,73,0.0,POINT (31.21471990332009 46.1409498692327)
115,0.0,0.0,0.0,0.0,46.142553676257364,31.219507821509374,46.199898,30.752314,0.0,46.199898,30.752314,2016-10-11 19:00:00,73,0.0,POINT (31.219507821509374 46.142553676257364)
116,0.0,0.0,0.0,0.0,46.14381123767757,31.216185480661636,46.199898,30.752314,0.0,46.199898,30.752314,2016-10-11 20:00:00,73,0.0,POINT (31.216185480661636 46.14381123767757)
117,0.0,0.0,0.0,0.0,46.146056196411195,31.218385764077027,46.199898,30.752314,0.0,46.199898,30.752314,2016-10-11 21:00:00,73,0.0,POINT (31.218385764077027 46.146056196411195)
118,0.0,0.0,0.0,0.0,46.1450797228225,31.215758074922423,46.199898,30.752314,0.0,46.199898,30.752314,2016-10-11 22:00:00,73,0.0,POINT (31.215758074922423 46.1450797228225)
119,0.0,0.0,0.0,0.0,46.14663941238665,31.21515971710144,46.199898,30.752314,0.0,46.199898,30.752314,2016-10-11 23:00:00,73,0.0,POINT (31.21515971710144 46.14663941238665)
120,0.0,0.0,0.0,0.0,46.14821554604675,31.218914485997495,46.199898,30.752314,0.0,46.199898,30.752314,2016-10-12 00:00:00,73,0.0,POINT (31.218914485997495 46.14821554604675)
121,0.0,0.0,0.0,0.0,46.152619981182056,31.21831954033633,46.199898,30.752314,0.0,46.199898,30.752314,2016-10-12 01:00:00,73,0.0,POINT (31.21831954033633 46.152619981182056)
122,0.0,0.0,0.0,0.0,46.15356544041355,31.219420877090815,46.199898,30.752314,0.0,46.199898,30.752314,2016-10-12 02:00:00,73,0.0,POINT (31.219420877090815 46.15356544041355)
123,0.0,0.0,0.0,0.0,46.15687540362845,31.22055285635642,46.199898,30.752314,0.0,46.199898,30.752314,2016-10-12 03:00:00,73,0.0,POINT (31.22055285635642 46.15687540362845)
124,0.0,0.0,0.0,0.0,46.16197851510621,31.220911254405646,46.199898,30.752314,0.0,46.199898,30.752314,2016-10-12 04:00:00,73,0.0,POINT (31.220911254405646 46.16197851510621)
125,0.0,0.0,0.0,0.0,46.16784494422963,31.21828185378412,46.199898,30.752314,0.0,46.199898,30.752314,2016-10-12 05:00:00,73,0.0,POINT (31.21828185378412 46.16784494422963)
126,0.0,0.0,0.0,0.0,46.1679194182541,31.21294516181129,46.199898,30.752314,0.0,46.199898,30.752314,2016-10-12 06:00:00,73,0.0,POINT (31.21294516181129 46.1679194182541)
127,0.0,0.0,0.0,0.0,46.16280008890426,31.21776345772042,46.199898,30.752314,0.0,46.199898,30.752314,2016-10-12 07:00:00,73,0.0,POINT (31.21776345772042 46.16280008890426)
128,0.0,0.0,0.0,0.0,46.16720794113312,31.210549815648907,46.199898,30.752314,0.0,46.199898,30.752314,2016-10-12 08:00:00,73,0.0,POINT (31.210549815648907 46.16720794113312)
129,0.0,0.0,0.0,0.0,46.171252745934225,31.21524680626348,46.199898,30.752314,0.0,46.199898,30.752314,2016-10-12 09:00:00,73,0.0,POINT (31.21524680626348 46.171252745934225)
130,0.0,0.0,0.0,0.0,46.175713050278446,31.21702833968434,46.199898,30.752314,0.0,46.199898,30.752314,2016-10-12 10:00:00,73,0.0,POINT (31.21702833968434 46.175713050278446)
131,0.0,0.0,0.0,0.0,46.17750142061091,31.219494408981436,46.199898,30.752314,0.0,46.199898,30.752314,2016-10-12 11:00:00,73,0.0,POINT (31.219494408981436 46.17750142061091)
132,0.0,0.0,0.0,0.0,46.177898495837475,31.213705749220097,46.199898,30.752314,0.0,46.199898,30.752314,2016-10-12 12:00:00,73,0.0,POINT (31.213705749220097 46.177898495837475)
133,0.0,0.0,0.0,0.0,46.18229073353609,31.209590608355683,46.199898,30.752314,0.0,46.199898,30.752314,2016-10-12 13:00:00,73,0.0,POINT (31.209590608355683 46.18229073353609)
134,0.0,0.0,0.0,0.0,46.18292904190568,31.21069070476671,46.199898,30.752314,0.0,46.199898,30.752314,2016-10-12 14:00:00,73,0.0,POINT (31.21069070476671 46.18292904190568)
135,0.0,0.0,0.0,0.0,46.183363790186185,31.214142081536032,46.199898,30.752314,0.0,46.199898,30.752314,2016-10-12 15:00:00,73,0.0,POINT (31.214142081536032 46.183363790186185)
136,0.0,0.0,0.0,0.0,46.18948617290519,31.214430725021728,46.199898,30.752314,0.0,46.199898,30.752314,2016-10-12 16:00:00,73,0.0,POINT (31.214430725021728 46.18948617290519)
137,0.0,0.0,0.0,0.0,46.18954748066502,31.214970876955267,46.199898,30.752314,0.0,46.199898,30.752314,2016-10-12 17:00:00,73,0.0,POINT (31.214970876955267 46.18954748066502)
138,0.0,0.0,0.0,0.0,46.190075201544545,31.21080396977056,46.199898,30.752314,0.0,46.199898,30.752314,2016-10-12 18:00:00,73,0.0,POINT (31.21080396977056 46.190075201544545)
139,0.0,0.0,0.0,0.0,46.191419000477396,31.21425560928533,46.199898,30.752314,0.0,46.199898,30.752314,2016-10-12 19:00:00,73,0.0,POINT (31.21425560928533 46.191419000477396)
140,0.0,0.0,0.0,0.0,46.192380260500386,31.213356606482343,46.199898,30.752314,0.0,46.199898,30.752314,2016-10-12 20:00:00,73,0.0,POINT (31.213356606482343 46.192380260500386)
141,0.0,0.0,0.0,0.0,46.19508386482592,31.21434318342787,46.199898,30.752314,0.0,46.199898,30.752314,2016-10-12 21:00:00,73,0.0,POINT (31.21434318342787 46.19508386482592)
142,0.0,0.0,0.0,0.0,46.19860129529887,31.215644718884427,46.199898,30.752314,0.0,46.199898,30.752314,2016-10-12 22:00:00,73,0.0,POINT (31.215644718884427 46.19860129529887)
143,0.0,0.0,0.0,0.0,46.2025738433367,31.217923051262574,46.199898,30.752314,0.0,46.199898,30.752314,2016-10-12 23:00:00,73,0.0,POINT (31.217923051262574 46.2025738433367)
144,0.0,0.0,0.0,0.0,46.203626997020635,31.21747462811837,46.199898,30.752314,0.0,46.199898,30.752314,2016-10-13 00:00:00,73,0.0,POINT (31.21747462811837 46.203626997020635)
145,0.0,0.0,0.0,0.0,46.20856984088838,31.214359390855602,46.199898,30.752314,0.0,46.199898,30.752314,2016-10-13 01:00:00,73,0.0,POINT (31.214359390855602 46.20856984088838)
146,0.0,0.0,0.0,0.0,46.20829683045877,31.220927968522815,46.199898,30.752314,0.0,46.199898,30.752314,2016-10-13 02:00:00,73,0.0,POINT (31.220927968522815 46.20829683045877)
147,0.0,0.0,0.0,0.0,46.21907483093067,31.225965432297716,46.199898,30.752314,0.0,46.199898,30.752314,2016-10-13 03:00:00,73,0.0,POINT (31.225965432297716 46.21907483093067)
148,0.0,0.0,0.0,0.0,46.22799452857862,31.227917023949775,46.199898,30.752314,0.0,46.199898,30.752314,2016-10-13 04:00:00,73,0.0,POINT (31.227917023949775 46.22799452857862)
149,0.0,0.0,0.0,0.0,46.23899983481464,31.228156546662703,46.199898,30.752314,0.0,46.199898,30.752314,2016-10-13 05:00:00,73,0.0,POINT (31.228156546662703 46.23899983481464)
150,0.0,0.0,0.0,0.0,46.24623621505978,31.229233513462002,46.199898,30.752314,0.0,46.199898,30.752314,2016-10-13 06:00:00,73,0.0,POINT (31.229233513462002 46.24623621505978)
151,0.0,0.0,0.0,0.0,46.25494970126113,31.227062014976344,46.199898,30.752314,0.0,46.199898,30.752314,2016-10-13 07:00:00,73,0.0,POINT (31.227062014976344 46.25494970126113)
152,0.0,0.0,0.0,0.0,46.2656451189884,31.23142079495778,46.199898,30.752314,0.0,46.199898,30.752314,2016-10-13 08:00:00,73,0.0,POINT (31.23142079495778 46.2656451189884)
153,0.0,0.0,0.0,0.0,46.27498401578628,31.238793210062205,46.199898,30.752314,0.0,46.199898,30.752314,2016-10-13 09:00:00,73,0.0,POINT (31.238793210062205 46.27498401578628)
154,0.0,0.0,0.0,0.0,46.28304798097554,31.246441943623545,46.199898,30.752314,0.0,46.199898,30.752314,2016-10-13 10:00:00,73,0.0,POINT (31.246441943623545 46.28304798097554)
155,0.0,0.0,0.0,0.0,46.294928705685585,31.24769699081026,46.199898,30.752314,0.0,46.199898,30.752314,2016-10-13 11:00:00,73,0.0,POINT (31.24769699081026 46.294928705685585)
156,0.0,0.0,0.0,0.0,46.3028262430319,31.25220087203174,46.199898,30.752314,0.0,46.199898,30.752314,2016-10-13 12:00:00,73,0.0,POINT (31.25220087203174 46.3028262430319)
157,0.0,0.0,0.0,0.0,46.308280620521614,31.258581769151693,46.199898,30.752314,0.0,46.199898,30.752314,2016-10-13 13:00:00,73,0.0,POINT (31.258581769151693 46.308280620521614)
158,0.0,0.0,0.0,0.0,46.31070369336219,31.271638680602177,46.199898,30.752314,0.0,46.199898,30.752314,2016-10-13 14:00:00,73,0.0,POINT (31.271638680602177 46.31070369336219)
159,0.0,0.0,0.0,0.0,46.31861181667239,31.282495515949652,46.199898,30.752314,0.0,46.199898,30.752314,2016-10-13 15:00:00,73,0.0,POINT (31.282495515949652 46.31861181667239)
160,0.0,0.0,0.0,0.0,46.32282534684572,31.284978336943684,46.199898,30.752314,0.0,46.199898,30.752314,2016-10-13 16:00:00,73,0.0,POINT (31.284978336943684 46.32282534684572)
161,0.0,0.0,0.0,0.0,46.32920908455127,31.284447041460908,46.199898,30.752314,0.0,46.199898,30.752314,2016-10-13 17:00:00,73,0.0,POINT (31.284447041460908 46.32920908455127)
162,0.0,0.0,0.0,0.0,46.33243828728766,31.28971960392752,46.199898,30.752314,0.0,46.199898,30.752314,2016-10-13 18:00:00,73,0.0,POINT (31.28971960392752 46.33243828728766)
163,0.0,0.0,0.0,0.0,46.32987283915459,31.293968722471227,46.199898,30.752314,0.0,46.199898,30.752314,2016-10-13 19:00:00,73,0.0,POINT (31.293968722471227 46.32987283915459)
164,0.0,0.0,0.0,0.0,46.32849478529585,31.29876966609436,46.199898,30.752314,0.0,46.199898,30.752314,2016-10-13 20:00:00,73,0.0,POINT (31.29876966609436 46.32849478529585)
165,0.0,0.0,0.0,0.0,46.327314607939485,31.30411583944181,46.199898,30.752314,0.0,46.199898,30.752314,2016-10-13 21:00:00,73,0.0,POINT (31.30411583944181 46.327314607939485)
166,0.0,0.0,0.0,0.0,46.32429726122256,31.314168186762647,46.199898,30.752314,0.0,46.199898,30.752314,2016-10-13 22:00:00,73,0.0,POINT (31.314168186762647 46.32429726122256)
167,0.0,0.0,0.0,0.0,46.323714794779725,31.313370803630672,46.199898,30.752314,0.0,46.199898,30.752314,2016-10-13 23:00:00,73,0.0,POINT (31.313370803630672 46.323714794779725)
168,0.0,0.0,0.0,0.0,46.318222419399824,31.318987099306938,46.199898,30.752314,0.0,46.199898,30.752314,2016-10-14 00:00:00,73,0.0,POINT (31.318987099306938 46.318222419399824)
169,0.0,0.0,0.0,0.0,46.318380357845264,31.319118522397382,46.199898,30.752314,0.0,46.199898,30.752314,2016-10-14 01:00:00,73,0.0,POINT (31.319118522397382 46.318380357845264)
170,0.0,0.0,0.0,0.0,46.31471994844463,31.32146067468151,46.199898,30.752314,0.0,46.199898,30.752314,2016-10-14 02:00:00,73,0.0,POINT (31.32146067468151 46.31471994844463)
171,0.0,0.0,0.0,0.0,46.309198827629906,31.325349749196874,46.199898,30.752314,0.0,46.199898,30.752314,2016-10-14 03:00:00,73,0.0,POINT (31.325349749196874 46.309198827629906)
172,0.0,0.0,0.0,0.0,46.30689151020374,31.328374382318454,46.199898,30.752314,0.0,46.199898,30.752314,2016-10-14 04:00:00,73,0.0,POINT (31.328374382318454 46.30689151020374)
173,0.0,0.0,0.0,0.0,46.29969505728716,31.329037227294663,46.199898,30.752314,0.0,46.199898,30.752314,2016-10-14 05:00:00,73,0.0,POINT (31.329037227294663 46.29969505728716)
174,0.0,0.0,0.0,0.0,46.296078675716494,31.33311371245752,46.199898,30.752314,0.0,46.199898,30.752314,2016-10-14 06:00:00,73,0.0,POINT (31.33311371245752 46.296078675716494)
175,0.0,0.0,0.0,0.0,46.28661625020655,31.344491480096032,46.199898,30.752314,0.0,46.199898,30.752314,2016-10-14 07:00:00,73,0.0,POINT (31.344491480096032 46.28661625020655)
176,0.0,0.0,0.0,0.0,46.282179642107394,31.354735457164935,46.199898,30.752314,0.0,46.199898,30.752314,2016-10-14 08:00:00,73,0.0,POINT (31.354735457164935 46.282179642107394)
177,0.0,0.0,0.0,0.0,46.27989715408196,31.356170416991105,46.199898,30.752314,0.0,46.199898,30.752314,2016-10-14 09:00:00,73,0.0,POINT (31.356170416991105 46.27989715408196)
178,0.0,0.0,0.0,0.0,46.27431676397428,31.362874583503274,46.199898,30.752314,0.0,46.199898,30.752314,2016-10-14 10:00:00,73,0.0,POINT (31.362874583503274 46.27431676397428)
179,0.0,0.0,0.0,0.0,46.269198230334844,31.371479943518075,46.199898,30.752314,0.0,46.199898,30.752314,2016-10-14 11:00:00,73,0.0,POINT (31.371479943518075 46.269198230334844)
180,0.0,0.0,0.0,0.0,46.25765992805541,31.37480505978447,46.199898,30.752314,0.0,46.199898,30.752314,2016-10-14 12:00:00,73,0.0,POINT (31.37480505978447 46.25765992805541)
181,0.0,0.0,0.0,0.0,46.25373504159158,31.38178173829018,46.199898,30.752314,0.0,46.199898,30.752314,2016-10-14 13:00:00,73,0.0,POINT (31.38178173829018 46.25373504159158)
182,0.0,0.0,0.0,0.0,46.248055552992334,31.385172861833155,46.199898,30.752314,0.0,46.199898,30.752314,2016-10-14 14:00:00,73,0.0,POINT (31.385172861833155 46.248055552992334)
183,0.0,0.0,0.0,0.0,46.236592315526764,31.38928131969603,46.199898,30.752314,0.0,46.199898,30.752314,2016-10-14 15:00:00,73,0.0,POINT (31.38928131969603 46.236592315526764)
184,0.0,0.0,0.0,0.0,46.22793667079201,31.393571717513012,46.199898,30.752314,0.0,46.199898,30.752314,2016-10-14 16:00:00,73,0.0,POINT (31.393571717513012 46.22793667079201)
185,0.0,0.0,0.0,0.0,46.216670440437795,31.39354814343405,46.199898,30.752314,0.0,46.199898,30.752314,2016-10-14 17:00:00,73,0.0,POINT (31.39354814343405 46.216670440437795)
186,0.0,0.0,0.0,0.0,46.20886487322002,31.393232675122313,46.199898,30.752314,0.0,46.199898,30.752314,2016-10-14 18:00:00,73,0.0,POINT (31.393232675122313 46.20886487322002)
187,0.0,0.0,0.0,0.0,46.202967876717246,31.394942785990697,46.199898,30.752314,0.0,46.199898,30.752314,2016-10-14 19:00:00,73,0.0,POINT (31.394942785990697 46.202967876717246)
188,0.0,0.0,0.0,0.0,46.19654515006911,31.397373226768188,46.199898,30.752314,0.0,46.199898,30.752314,2016-10-14 20:00:00,73,0.0,POINT (31.397373226768188 46.19654515006911)
189,0.0,0.0,0.0,0.0,46.189353406240365,31.39234337936063,46.199898,30.752314,0.0,46.199898,30.752314,2016-10-14 21:00:00,73,0.0,POINT (31.39234337936063 46.189353406240365)
190,0.0,0.0,0.0,0.0,46.17946512487451,31.390173724640594,46.199898,30.752314,0.0,46.199898,30.752314,2016-10-14 22:00:00,73,0.0,POINT (31.390173724640594 46.17946512487451)
191,0.0,0.0,0.0,0.0,46.1756043695166,31.384994179232326,46.199898,30.752314,0.0,46.199898,30.752314,2016-10-14 23:00:00,73,0.0,POINT (31.384994179232326 46.1756043695166)
192,0.0,0.0,0.0,0.0,46.16641256789851,31.378185047420477,46.199898,30.752314,0.0,46.199898,30.752314,2016-10-15 00:00:00,73,0.0,POINT (31.378185047420477 46.16641256789851)
193,0.0,0.0,0.0,0.0,46.159172122718914,31.373717992302296,46.199898,30.752314,0.0,46.199898,30.752314,2016-10-15 01:00:00,73,0.0,POINT (31.373717992302296 46.159172122718914)
194,0.0,0.0,0.0,0.0,46.157464732601966,31.36715005675397,46.199898,30.752314,0.0,46.199898,30.752314,2016-10-15 02:00:00,73,0.0,POINT (31.36715005675397 46.157464732601966)
195,0.0,0.0,0.0,0.0,46.152463311575524,31.360160146295488,46.199898,30.752314,0.0,46.199898,30.752314,2016-10-15 03:00:00,73,0.0,POINT (31.360160146295488 46.152463311575524)
196,0.0,0.0,0.0,0.0,46.15013232797184,31.35459309784151,46.199898,30.752314,0.0,46.199898,30.752314,2016-10-15 04:00:00,73,0.0,POINT (31.35459309784151 46.15013232797184)
197,0.0,0.0,0.0,0.0,46.14729729503296,31.347098050504346,46.199898,30.752314,0.0,46.199898,30.752314,2016-10-15 05:00:00,73,0.0,POINT (31.347098050504346 46.14729729503296)
198,0.0,0.0,0.0,0.0,46.14499565460851,31.337858939514973,46.199898,30.752314,0.0,46.199898,30.752314,2016-10-15 06:00:00,73,0.0,POINT (31.337858939514973 46.14499565460851)
199,0.0,0.0,0.0,0.0,46.14383965073574,31.336960978914927,46.199898,30.752314,0.0,46.199898,30.752314,2016-10-15 07:00:00,73,0.0,POINT (31.336960978914927 46.14383965073574)
200,0.0,0.0,0.0,0.0,46.13834194913124,31.334044972453853,46.199898,30.752314,0.0,46.199898,30.752314,2016-10-15 08:00:00,73,0.0,POINT (31.334044972453853 46.13834194913124)
201,0.0,0.0,0.0,0.0,46.13556916422668,31.33735811121897,46.199898,30.752314,0.0,46.199898,30.752314,2016-10-15 09:00:00,73,0.0,POINT (31.33735811121897 46.13556916422668)
202,0.0,0.0,0.0,0.0,46.13516004299788,31.336137201447393,46.199898,30.752314,0.0,46.199898,30.752314,2016-10-15 10:00:00,73,0.0,POINT (31.336137201447393 46.13516004299788)
203,0.0,0.0,0.0,0.0,46.13287427973939,31.32896107688986,46.199898,30.752314,0.0,46.199898,30.752314,2016-10-15 11:00:00,73,0.0,POINT (31.32896107688986 46.13287427973939)
204,0.0,0.0,0.0,0.0,46.12828175021157,31.328185524354218,46.199898,30.752314,0.0,46.199898,30.752314,2016-10-15 12:00:00,73,0.0,POINT (31.328185524354218 46.12828175021157)
205,0.0,0.0,0.0,0.0,46.12589561208224,31.32644098788688,46.199898,30.752314,0.0,46.199898,30.752314,2016-10-15 13:00:00,73,0.0,POINT (31.32644098788688 46.12589561208224)
206,0.0,0.0,0.0,0.0,46.1264395542674,31.328346027891612,46.199898,30.752314,0.0,46.199898,30.752314,2016-10-15 14:00:00,73,0.0,POINT (31.328346027891612 46.1264395542674)
207,0.0,0.0,0.0,0.0,46.12806062347161,31.327055358053777,46.199898,30.752314,0.0,46.199898,30.752314,2016-10-15 15:00:00,73,0.0,POINT (31.327055358053777 46.12806062347161)
208,0.0,0.0,0.0,0.0,46.1264851382906,31.3295011729081,46.199898,30.752314,0.0,46.199898,30.752314,2016-10-15 16:00:00,73,0.0,POINT (31.3295011729081 46.1264851382906)
209,0.0,0.0,0.0,0.0,46.12525811362668,31.321911958688965,46.199898,30.752314,0.0,46.199898,30.752314,2016-10-15 17:00:00,73,0.0,POINT (31.321911958688965 46.12525811362668)
210,0.0,0.0,0.0,0.0,46.12264553852742,31.322152369090123,46.199898,30.752314,0.0,46.199898,30.752314,2016-10-15 18:00:00,73,0.0,POINT (31.322152369090123 46.12264553852742)
211,0.0,0.0,0.0,0.0,46.12296584123877,31.317412403460228,46.199898,30.752314,0.0,46.199898,30.752314,2016-10-15 19:00:00,73,0.0,POINT (31.317412403460228 46.12296584123877)
212,0.0,0.0,0.0,0.0,46.117317850522106,31.307050676512407,46.199898,30.752314,0.0,46.199898,30.752314,2016-10-15 20:00:00,73,0.0,POINT (31.307050676512407 46.117317850522106)
213,0.0,0.0,0.0,0.0,46.114049746743376,31.30645641053778,46.199898,30.752314,0.0,46.199898,30.752314,2016-10-15 21:00:00,73,0.0,POINT (31.30645641053778 46.114049746743376)
214,0.0,0.0,0.0,0.0,46.112602237459676,31.302119666101312,46.199898,30.752314,0.0,46.199898,30.752314,2016-10-15 22:00:00,73,0.0,POINT (31.302119666101312 46.112602237459676)
215,0.0,0.0,0.0,0.0,46.10891541310109,31.297226144194862,46.199898,30.752314,0.0,46.199898,30.752314,2016-10-15 23:00:00,73,0.0,POINT (31.297226144194862 46.10891541310109)
216,0.0,0.0,0.0,0.0,46.099741798680135,31.290882943236646,46.199898,30.752314,0.0,46.199898,30.752314,2016-10-16 00:00:00,73,0.0,POINT (31.290882943236646 46.099741798680135)
217,0.0,0.0,0.0,0.0,46.096412736710846,31.285563133884363,46.199898,30.752314,0.0,46.199898,30.752314,2016-10-16 01:00:00,73,0.0,POINT (31.285563133884363 46.096412736710846)
218,0.0,0.0,0.0,0.0,46.093200307319805,31.28205202540727,46.199898,30.752314,0.0,46.199898,30.752314,2016-10-16 02:00:00,73,0.0,POINT (31.28205202540727 46.093200307319805)
219,0.0,0.0,0.0,0.0,46.091102702817814,31.28204247988089,46.199898,30.752314,0.0,46.199898,30.752314,2016-10-16 03:00:00,73,0.0,POINT (31.28204247988089 46.091102702817814)
220,0.0,0.0,0.0,0.0,46.086566503934115,31.276183966392093,46.199898,30.752314,0.0,46.199898,30.752314,2016-10-16 04:00:00,73,0.0,POINT (31.276183966392093 46.086566503934115)
221,0.0,0.0,0.0,0.0,46.08221089341843,31.272504185130053,46.199898,30.752314,0.0,46.199898,30.752314,2016-10-16 05:00:00,73,0.0,POINT (31.272504185130053 46.08221089341843)
222,0.0,0.0,0.0,0.0,46.079860436737626,31.260801379312028,46.199898,30.752314,0.0,46.199898,30.752314,2016-10-16 06:00:00,73,0.0,POINT (31.260801379312028 46.079860436737626)
223,0.0,0.0,0.0,0.0,46.07777368069932,31.24929322072288,46.199898,30.752314,0.0,46.199898,30.752314,2016-10-16 07:00:00,73,0.0,POINT (31.24929322072288 46.07777368069932)
224,0.0,0.0,0.0,0.0,46.07785453238284,31.236361861920898,46.199898,30.752314,0.0,46.199898,30.752314,2016-10-16 08:00:00,73,0.0,POINT (31.236361861920898 46.07785453238284)
225,0.0,0.0,0.0,0.0,46.075389540074674,31.234643465987066,46.199898,30.752314,0.0,46.199898,30.752314,2016-10-16 09:00:00,73,0.0,POINT (31.234643465987066 46.075389540074674)
226,0.0,0.0,0.0,0.0,46.07116975280383,31.224432509672216,46.199898,30.752314,0.0,46.199898,30.752314,2016-10-16 10:00:00,73,0.0,POINT (31.224432509672216 46.07116975280383)
227,0.0,0.0,0.0,0.0,46.06921665365201,31.21793367769446,46.199898,30.752314,0.0,46.199898,30.752314,2016-10-16 11:00:00,73,0.0,POINT (31.21793367769446 46.06921665365201)
228,0.0,0.0,0.0,0.0,46.066058065671896,31.201120831365497,46.199898,30.752314,0.0,46.199898,30.752314,2016-10-16 12:00:00,73,0.0,POINT (31.201120831365497 46.066058065671896)
229,0.0,0.0,0.0,0.0,46.064789799757655,31.188237348990626,46.199898,30.752314,0.0,46.199898,30.752314,2016-10-16 13:00:00,73,0.0,POINT (31.188237348990626 46.064789799757655)
230,0.0,0.0,0.0,0.0,46.06872510177683,31.177024305956888,46.199898,30.752314,0.0,46.199898,30.752314,2016-10-16 14:00:00,73,0.0,POINT (31.177024305956888 46.06872510177683)
231,0.0,0.0,0.0,0.0,46.06869763079269,31.161922097822224,46.199898,30.752314,0.0,46.199898,30.752314,2016-10-16 15:00:00,73,0.0,POINT (31.161922097822224 46.06869763079269)
232,0.0,0.0,0.0,0.0,46.06200922971221,31.148235397054645,46.199898,30.752314,0.0,46.199898,30.752314,2016-10-16 16:00:00,73,0.0,POINT (31.148235397054645 46.06200922971221)
233,0.0,0.0,0.0,0.0,46.056281519369435,31.14187547070608,46.199898,30.752314,0.0,46.199898,30.752314,2016-10-16 17:00:00,73,0.0,POINT (31.14187547070608 46.056281519369435)
234,0.0,0.0,0.0,0.0,46.0554122648438,31.13070779136731,46.199898,30.752314,0.0,46.199898,30.752314,2016-10-16 18:00:00,73,0.0,POINT (31.13070779136731 46.0554122648438)
235,0.0,0.0,0.0,0.0,46.0537220968949,31.118432562990954,46.199898,30.752314,0.0,46.199898,30.752314,2016-10-16 19:00:00,73,0.0,POINT (31.118432562990954 46.0537220968949)
236,0.0,0.0,0.0,0.0,46.05352798778876,31.109593676890732,46.199898,30.752314,0.0,46.199898,30.752314,2016-10-16 20:00:00,73,0.0,POINT (31.109593676890732 46.05352798778876)
237,0.0,0.0,0.0,0.0,46.05350405297593,31.095115801469124,46.199898,30.752314,0.0,46.199898,30.752314,2016-10-16 21:00:00,73,0.0,POINT (31.095115801469124 46.05350405297593)
238,0.0,0.0,0.0,0.0,46.05236026793608,31.08505037199339,46.199898,30.752314,0.0,46.199898,30.752314,2016-10-16 22:00:00,73,0.0,POINT (31.08505037199339 46.05236026793608)
239,0.0,0.0,0.0,0.0,46.04811555692994,31.077446398270254,46.199898,30.752314,0.0,46.199898,30.752314,2016-10-16 23:00:00,73,0.0,POINT (31.077446398270254 46.04811555692994)
240,0.0,0.0,0.0,0.0,46.047485908329286,31.068878723699356,46.199898,30.752314,0.0,46.199898,30.752314,2016-10-17 00:00:00,73,0.0,POINT (31.068878723699356 46.047485908329286)
241,0.0,0.0,0.0,0.0,46.04510147288113,31.059954403945923,46.199898,30.752314,0.0,46.199898,30.752314,2016-10-17 01:00:00,73,0.0,POINT (31.059954403945923 46.04510147288113)
242,0.0,0.0,0.0,0.0,46.0411384799896,31.047980186433524,46.199898,30.752314,0.0,46.199898,30.752314,2016-10-17 02:00:00,73,0.0,POINT (31.047980186433524 46.0411384799896)
243,0.0,0.0,0.0,0.0,46.0395231342656,31.044527092781216,46.199898,30.752314,0.0,46.199898,30.752314,2016-10-17 03:00:00,73,0.0,POINT (31.044527092781216 46.0395231342656)
244,0.0,0.0,0.0,0.0,46.04099602955989,31.04124465779215,46.199898,30.752314,0.0,46.199898,30.752314,2016-10-17 04:00:00,73,0.0,POINT (31.04124465779215 46.04099602955989)
245,0.0,0.0,0.0,0.0,46.041750238652924,31.03593171931398,46.199898,30.752314,0.0,46.199898,30.752314,2016-10-17 05:00:00,73,0.0,POINT (31.03593171931398 46.041750238652924)
246,0.0,0.0,0.0,0.0,46.04420351020256,31.03270906660483,46.199898,30.752314,0.0,46.199898,30.752314,2016-10-17 06:00:00,73,0.0,POINT (31.03270906660483 46.04420351020256)
247,0.0,0.0,0.0,0.0,46.04242317153798,31.021900375441614,46.199898,30.752314,0.0,46.199898,30.752314,2016-10-17 07:00:00,73,0.0,POINT (31.021900375441614 46.04242317153798)
248,0.0,0.0,0.0,0.0,46.04707978827561,31.017707321426915,46.199898,30.752314,0.0,46.199898,30.752314,2016-10-17 08:00:00,73,0.0,POINT (31.017707321426915 46.04707978827561)
249,0.0,0.0,0.0,0.0,46.046853239162935,31.0090662472397,46.199898,30.752314,0.0,46.199898,30.752314,2016-10-17 09:00:00,73,0.0,POINT (31.0090662472397 46.046853239162935)
250,0.0,0.0,0.0,0.0,46.04420658714012,30.997941513562232,46.199898,30.752314,0.0,46.199898,30.752314,2016-10-17 10:00:00,73,0.0,POINT (30.997941513562232 46.04420658714012)
251,0.0,0.0,0.0,0.0,46.043388504833494,30.988491907947264,46.199898,30.752314,0.0,46.199898,30.752314,2016-10-17 11:00:00,73,0.0,POINT (30.988491907947264 46.043388504833494)
252,0.0,0.0,0.0,0.0,46.03841027119379,30.983691288056004,46.199898,30.752314,0.0,46.199898,30.752314,2016-10-17 12:00:00,73,0.0,POINT (30.983691288056004 46.03841027119379)
253,0.0,0.0,0.0,0.0,46.03936047343912,30.982226430010055,46.199898,30.752314,0.0,46.199898,30.752314,2016-10-17 13:00:00,73,0.0,POINT (30.982226430010055 46.03936047343912)
254,0.0,0.0,0.0,0.0,46.0350407298555,30.970919769294234,46.199898,30.752314,0.0,46.199898,30.752314,2016-10-17 14:00:00,73,0.0,POINT (30.970919769294234 46.0350407298555)
255,0.0,0.0,0.0,0.0,46.030876463024356,30.964449885634977,46.199898,30.752314,0.0,46.199898,30.752314,2016-10-17 15:00:00,73,0.0,POINT (30.964449885634977 46.030876463024356)
256,0.0,0.0,0.0,0.0,46.029329487693666,30.95074797365183,46.199898,30.752314,0.0,46.199898,30.752314,2016-10-17 16:00:00,73,0.0,POINT (30.95074797365183 46.029329487693666)
257,0.0,0.0,0.0,0.0,46.025915401931535,30.937486927906825,46.199898,30.752314,0.0,46.199898,30.752314,2016-10-17 17:00:00,73,0.0,POINT (30.937486927906825 46.025915401931535)
258,0.0,0.0,0.0,0.0,46.023174356041494,30.93298424118708,46.199898,30.752314,0.0,46.199898,30.752314,2016-10-17 18:00:00,73,0.0,POINT (30.93298424118708 46.023174356041494)
259,0.0,0.0,0.0,0.0,46.02264834210558,30.9283620317353,46.199898,30.752314,0.0,46.199898,30.752314,2016-10-17 19:00:00,73,0.0,POINT (30.9283620317353 46.02264834210558)
260,0.0,0.0,0.0,0.0,46.02231231245224,30.924267228138827,46.199898,30.752314,0.0,46.199898,30.752314,2016-10-17 20:00:00,73,0.0,POINT (30.924267228138827 46.02231231245224)
261,0.0,0.0,0.0,0.0,46.02221617413471,30.920882217922006,46.199898,30.752314,0.0,46.199898,30.752314,2016-10-17 21:00:00,73,0.0,POINT (30.920882217922006 46.02221617413471)
262,0.0,0.0,0.0,0.0,46.024288065477734,30.91428366264593,46.199898,30.752314,0.0,46.199898,30.752314,2016-10-17 22:00:00,73,0.0,POINT (30.91428366264593 46.024288065477734)
263,0.0,0.0,0.0,0.0,46.021134482553364,30.90269372086425,46.199898,30.752314,0.0,46.199898,30.752314,2016-10-17 23:00:00,73,0.0,POINT (30.90269372086425 46.021134482553364)
264,0.0,0.0,0.0,0.0,46.020681515799815,30.893908808043168,46.199898,30.752314,0.0,46.199898,30.752314,2016-10-18 00:00:00,73,0.0,POINT (30.893908808043168 46.020681515799815)
265,0.0,0.0,0.0,0.0,46.022914796696575,30.889709013335068,46.199898,30.752314,0.0,46.199898,30.752314,2016-10-18 01:00:00,73,0.0,POINT (30.889709013335068 46.022914796696575)
266,0.0,0.0,0.0,0.0,46.02397951699112,30.880401032917373,46.199898,30.752314,0.0,46.199898,30.752314,2016-10-18 02:00:00,73,0.0,POINT (30.880401032917373 46.02397951699112)
267,0.0,0.0,0.0,0.0,46.02285657676921,30.880162737660605,46.199898,30.752314,0.0,46.199898,30.752314,2016-10-18 03:00:00,73,0.0,POINT (30.880162737660605 46.02285657676921)
268,0.0,0.0,0.0,0.0,46.0219786040656,30.878933096048275,46.199898,30.752314,0.0,46.199898,30.752314,2016-10-18 04:00:00,73,0.0,POINT (30.878933096048275 46.0219786040656)
269,0.0,0.0,0.0,0.0,46.0232656311294,30.879532904248812,46.199898,30.752314,0.0,46.199898,30.752314,2016-10-18 05:00:00,73,0.0,POINT (30.879532904248812 46.0232656311294)
270,0.0,0.0,0.0,0.0,46.02303338728085,30.875143758643564,46.199898,30.752314,0.0,46.199898,30.752314,2016-10-18 06:00:00,73,0.0,POINT (30.875143758643564 46.02303338728085)
271,0.0,0.0,0.0,0.0,46.026469605152045,30.86886303504255,46.199898,30.752314,0.0,46.199898,30.752314,2016-10-18 07:00:00,73,0.0,POINT (30.86886303504255 46.026469605152045)
272,0.0,0.0,0.0,0.0,46.02841819458519,30.864229435466683,46.199898,30.752314,0.0,46.199898,30.752314,2016-10-18 08:00:00,73,0.0,POINT (30.864229435466683 46.02841819458519)
273,0.0,0.0,0.0,0.0,46.02985964905075,30.857620801218097,46.199898,30.752314,0.0,46.199898,30.752314,2016-10-18 09:00:00,73,0.0,POINT (30.857620801218097 46.02985964905075)
274,0.0,0.0,0.0,0.0,46.03236752561151,30.851953189473946,46.199898,30.752314,0.0,46.199898,30.752314,2016-10-18 10:00:00,73,0.0,POINT (30.851953189473946 46.03236752561151)
275,0.0,0.0,0.0,0.0,46.034061734150725,30.84346078404163,46.199898,30.752314,0.0,46.199898,30.752314,2016-10-18 11:00:00,73,0.0,POINT (30.84346078404163 46.034061734150725)
276,0.0,0.0,0.0,0.0,46.0322221411579,30.83224610328594,46.199898,30.752314,0.0,46.199898,30.752314,2016-10-18 12:00:00,73,0.0,POINT (30.83224610328594 46.0322221411579)
277,0.0,0.0,0.0,0.0,46.03141266364331,30.832226237610392,46.199898,30.752314,0.0,46.199898,30.752314,2016-10-18 13:00:00,73,0.0,POINT (30.832226237610392 46.03141266364331)
278,0.0,0.0,0.0,0.0,46.0297280958203,30.829849724569314,46.199898,30.752314,0.0,46.199898,30.752314,2016-10-18 14:00:00,73,0.0,POINT (30.829849724569314 46.0297280958203)
279,0.0,0.0,0.0,0.0,46.02726010366813,30.824634812116216,46.199898,30.752314,0.0,46.199898,30.752314,2016-10-18 15:00:00,73,0.0,POINT (30.824634812116216 46.02726010366813)
280,0.0,0.0,0.0,0.0,46.02560736320786,30.820102255180917,46.199898,30.752314,0.0,46.199898,30.752314,2016-10-18 16:00:00,73,0.0,POINT (30.820102255180917 46.02560736320786)
281,0.0,0.0,0.0,0.0,46.019979520020065,30.815377897247163,46.199898,30.752314,0.0,46.199898,30.752314,2016-10-18 17:00:00,73,0.0,POINT (30.815377897247163 46.019979520020065)
282,0.0,0.0,0.0,0.0,46.02042709747912,30.812622271830186,46.199898,30.752314,0.0,46.199898,30.752314,2016-10-18 18:00:00,73,0.0,POINT (30.812622271830186 46.02042709747912)
283,0.0,0.0,0.0,0.0,46.017638524492284,30.807205155682556,46.199898,30.752314,0.0,46.199898,30.752314,2016-10-18 19:00:00,73,0.0,POINT (30.807205155682556 46.017638524492284)
284,0.0,0.0,0.0,0.0,46.015253117196686,30.80266138176582,46.199898,30.752314,0.0,46.199898,30.752314,2016-10-18 20:00:00,73,0.0,POINT (30.80266138176582 46.015253117196686)
285,0.0,0.0,0.0,0.0,46.01449399708107,30.798274009979654,46.199898,30.752314,0.0,46.199898,30.752314,2016-10-18 21:00:00,73,0.0,POINT (30.798274009979654 46.01449399708107)
286,0.0,0.0,0.0,0.0,46.01447899473821,30.798455538863475,46.199898,30.752314,0.0,46.199898,30.752314,2016-10-18 22:00:00,73,0.0,POINT (30.798455538863475 46.01447899473821)
287,0.0,0.0,0.0,0.0,46.01594233588898,30.791977195043888,46.199898,30.752314,0.0,46.199898,30.752314,2016-10-18 23:00:00,73,0.0,POINT (30.791977195043888 46.01594233588898)
288,0.0,0.0,0.0,0.0,46.01901366941635,30.785705995924847,46.199898,30.752314,0.0,46.199898,30.752314,2016-10-19 00:00:00,73,0.0,POINT (30.785705995924847 46.01901366941635)
289,0.0,0.0,0.0,0.0,46.01898565483132,30.774754158465917,46.199898,30.752314,0.0,46.199898,30.752314,2016-10-19 01:00:00,73,0.0,POINT (30.774754158465917 46.01898565483132)
290,0.0,0.0,0.0,0.0,46.0198969587319,30.767379125546597,46.199898,30.752314,0.0,46.199898,30.752314,2016-10-19 02:00:00,73,0.0,POINT (30.767379125546597 46.0198969587319)
291,0.0,0.0,0.0,0.0,46.01808737615519,30.76082511227025,46.199898,30.752314,0.0,46.199898,30.752314,2016-10-19 03:00:00,73,0.0,POINT (30.76082511227025 46.01808737615519)
292,0.0,0.0,0.0,0.0,46.01935435963237,30.755432369022333,46.199898,30.752314,0.0,46.199898,30.752314,2016-10-19 04:00:00,73,0.0,POINT (30.755432369022333 46.01935435963237)
293,0.0,0.0,0.0,0.0,46.02086524663943,30.74492585500627,46.199898,30.752314,0.0,46.199898,30.752314,2016-10-19 05:00:00,73,0.0,POINT (30.74492585500627 46.02086524663943)
294,0.0,0.0,0.0,0.0,46.02356487473541,30.73871812451995,46.199898,30.752314,0.0,46.199898,30.752314,2016-10-19 06:00:00,73,0.0,POINT (30.73871812451995 46.02356487473541)
295,0.0,0.0,0.0,0.0,46.01943170411867,30.73404042383534,46.199898,30.752314,0.0,46.199898,30.752314,2016-10-19 07:00:00,73,0.0,POINT (30.73404042383534 46.01943170411867)
296,0.0,0.0,0.0,0.0,46.01442882096289,30.72202036515714,46.199898,30.752314,0.0,46.199898,30.752314,2016-10-19 08:00:00,73,0.0,POINT (30.72202036515714 46.01442882096289)
297,0.0,0.0,0.0,0.0,46.01027611748152,30.712005468521706,46.199898,30.752314,0.0,46.199898,30.752314,2016-10-19 09:00:00,73,0.0,POINT (30.712005468521706 46.01027611748152)
298,0.0,0.0,0.0,0.0,46.010730207862345,30.698654080303886,46.199898,30.752314,0.0,46.199898,30.752314,2016-10-19 10:00:00,73,0.0,POINT (30.698654080303886 46.010730207862345)
299,0.0,0.0,0.0,0.0,46.006400206414455,30.693526022240427,46.199898,30.752314,0.0,46.199898,30.752314,2016-10-19 11:00:00,73,0.0,POINT (30.693526022240427 46.006400206414455)
300,0.0,0.0,0.0,0.0,46.00692582181487,30.69482695092245,46.199898,30.752314,0.0,46.199898,30.752314,2016-10-19 12:00:00,73,0.0,POINT (30.69482695092245 46.00692582181487)
301,0.0,0.0,0.0,0.0,46.00519071035143,30.691802995786126,46.199898,30.752314,0.0,46.199898,30.752314,2016-10-19 13:00:00,73,0.0,POINT (30.691802995786126 46.00519071035143)
302,0.0,0.0,0.0,0.0,46.00044313378809,30.688312366980867,46.199898,30.752314,0.0,46.199898,30.752314,2016-10-19 14:00:00,73,0.0,POINT (30.688312366980867 46.00044313378809)
303,0.0,0.0,0.0,0.0,46.00220937098322,30.68699594142816,46.199898,30.752314,0.0,46.199898,30.752314,2016-10-19 15:00:00,73,0.0,POINT (30.68699594142816 46.00220937098322)
304,0.0,0.0,0.0,0.0,45.99745711769036,30.68592570934853,46.199898,30.752314,0.0,46.199898,30.752314,2016-10-19 16:00:00,73,0.0,POINT (30.68592570934853 45.99745711769036)
305,0.0,0.0,0.0,0.0,45.997282918643215,30.680363235884617,46.199898,30.752314,0.0,46.199898,30.752314,2016-10-19 17:00:00,73,0.0,POINT (30.680363235884617 45.997282918643215)
306,0.0,0.0,0.0,0.0,45.99403441341429,30.679216741625766,46.199898,30.752314,0.0,46.199898,30.752314,2016-10-19 18:00:00,73,0.0,POINT (30.679216741625766 45.99403441341429)
307,0.0,0.0,0.0,0.0,45.99398076645707,30.67864468300975,46.199898,30.752314,0.0,46.199898,30.752314,2016-10-19 19:00:00,73,0.0,POINT (30.67864468300975 45.99398076645707)
308,0.0,0.0,0.0,0.0,45.989745528659284,30.678269941486544,46.199898,30.752314,0.0,46.199898,30.752314,2016-10-19 20:00:00,73,0.0,POINT (30.678269941486544 45.989745528659284)
309,0.0,0.0,0.0,0.0,45.989476076637985,30.67685520268838,46.199898,30.752314,0.0,46.199898,30.752314,2016-10-19 21:00:00,73,0.0,POINT (30.67685520268838 45.989476076637985)
310,0.0,0.0,0.0,0.0,45.98492404191124,30.67307907607498,46.199898,30.752314,0.0,46.199898,30.752314,2016-10-19 22:00:00,73,0.0,POINT (30.67307907607498 45.98492404191124)
311,0.0,0.0,0.0,0.0,45.9895901792091,30.672744748119126,46.199898,30.752314,0.0,46.199898,30.752314,2016-10-19 23:00:00,73,0.0,POINT (30.672744748119126 45.9895901792091)
312,0.0,0.0,0.0,0.0,45.9898787971196,30.6694432443976,46.199898,30.752314,0.0,46.199898,30.752314,2016-10-20 00:00:00,73,0.0,POINT (30.6694432443976 45.9898787971196)
313,0.0,0.0,0.0,0.0,45.9885404831437,30.673005864344567,46.199898,30.752314,0.0,46.199898,30.752314,2016-10-20 01:00:00,73,0.0,POINT (30.673005864344567 45.9885404831437)
314,0.0,0.0,0.0,0.0,45.98538372740122,30.672511777969714,46.199898,30.752314,0.0,46.199898,30.752314,2016-10-20 02:00:00,73,0.0,POINT (30.672511777969714 45.98538372740122)
315,0.0,0.0,0.0,0.0,45.982471043984724,30.675883517823742,46.199898,30.752314,0.0,46.199898,30.752314,2016-10-20 03:00:00,73,0.0,POINT (30.675883517823742 45.982471043984724)
316,0.0,0.0,0.0,0.0,45.97924760785887,30.67297918957643,46.199898,30.752314,0.0,46.199898,30.752314,2016-10-20 04:00:00,73,0.0,POINT (30.67297918957643 45.97924760785887)
317,0.0,0.0,0.0,0.0,45.98037649496292,30.675813767755965,46.199898,30.752314,0.0,46.199898,30.752314,2016-10-20 05:00:00,73,0.0,POINT (30.675813767755965 45.98037649496292)
318,0.0,0.0,0.0,0.0,45.977787320401546,30.670861607865632,46.199898,30.752314,0.0,46.199898,30.752314,2016-10-20 06:00:00,73,0.0,POINT (30.670861607865632 45.977787320401546)
319,0.0,0.0,0.0,0.0,45.9750780821688,30.66976115014438,46.199898,30.752314,0.0,46.199898,30.752314,2016-10-20 07:00:00,73,0.0,POINT (30.66976115014438 45.9750780821688)
320,0.0,0.0,0.0,0.0,45.97193533225312,30.664752796538952,46.199898,30.752314,0.0,46.199898,30.752314,2016-10-20 08:00:00,73,0.0,POINT (30.664752796538952 45.97193533225312)
321,0.0,0.0,0.0,0.0,45.972867138285906,30.663609009982345,46.199898,30.752314,0.0,46.199898,30.752314,2016-10-20 09:00:00,73,0.0,POINT (30.663609009982345 45.972867138285906)
322,0.0,0.0,0.0,0.0,45.97111166243137,30.655443780097748,46.199898,30.752314,0.0,46.199898,30.752314,2016-10-20 10:00:00,73,0.0,POINT (30.655443780097748 45.97111166243137)
323,0.0,0.0,0.0,0.0,45.971808923646954,30.654300179606377,46.199898,30.752314,0.0,46.199898,30.752314,2016-10-20 11:00:00,73,0.0,POINT (30.654300179606377 45.971808923646954)
324,0.0,0.0,0.0,0.0,45.9721665831324,30.65428839628516,46.199898,30.752314,0.0,46.199898,30.752314,2016-10-20 12:00:00,73,0.0,POINT (30.65428839628516 45.9721665831324)
325,0.0,0.0,0.0,0.0,45.971075229461974,30.658851424996264,46.199898,30.752314,0.0,46.199898,30.752314,2016-10-20 13:00:00,73,0.0,POINT (30.658851424996264 45.971075229461974)
326,0.0,0.0,0.0,0.0,45.96854238494781,30.662786941721436,46.199898,30.752314,0.0,46.199898,30.752314,2016-10-20 14:00:00,73,0.0,POINT (30.662786941721436 45.96854238494781)
327,0.0,0.0,0.0,0.0,45.972651387764614,30.661235887993264,46.199898,30.752314,0.0,46.199898,30.752314,2016-10-20 15:00:00,73,0.0,POINT (30.661235887993264 45.972651387764614)
328,0.0,0.0,0.0,0.0,45.97054565969384,30.664030016006524,46.199898,30.752314,0.0,46.199898,30.752314,2016-10-20 16:00:00,73,0.0,POINT (30.664030016006524 45.97054565969384)
329,0.0,0.0,0.0,0.0,45.970431596922325,30.66690803226796,46.199898,30.752314,0.0,46.199898,30.752314,2016-10-20 17:00:00,73,0.0,POINT (30.66690803226796 45.970431596922325)
330,0.0,0.0,0.0,0.0,45.96605564716014,30.66476272638074,46.199898,30.752314,0.0,46.199898,30.752314,2016-10-20 18:00:00,73,0.0,POINT (30.66476272638074 45.96605564716014)
331,0.0,0.0,0.0,0.0,45.969223040862914,30.665719780053294,46.199898,30.752314,0.0,46.199898,30.752314,2016-10-20 19:00:00,73,0.0,POINT (30.665719780053294 45.969223040862914)
332,0.0,0.0,0.0,0.0,45.96404354140307,30.663833574412582,46.199898,30.752314,0.0,46.199898,30.752314,2016-10-20 20:00:00,73,0.0,POINT (30.663833574412582 45.96404354140307)
333,0.0,0.0,0.0,0.0,45.96381870133463,30.668961741782653,46.199898,30.752314,0.0,46.199898,30.752314,2016-10-20 21:00:00,73,0.0,POINT (30.668961741782653 45.96381870133463)
334,0.0,0.0,0.0,0.0,45.9619363233421,30.66647509150314,46.199898,30.752314,0.0,46.199898,30.752314,2016-10-20 22:00:00,73,0.0,POINT (30.66647509150314 45.9619363233421)
335,0.0,0.0,0.0,0.0,45.96123121883605,30.66502317217019,46.199898,30.752314,0.0,46.199898,30.752314,2016-10-20 23:00:00,73,0.0,POINT (30.66502317217019 45.96123121883605)
336,0.0,0.0,0.0,0.0,45.96232647129783,30.668712603432724,46.199898,30.752314,0.0,46.199898,30.752314,2016-10-21 00:00:00,73,0.0,POINT (30.668712603432724 45.96232647129783)
337,0.0,0.0,0.0,0.0,45.959932659578826,30.665362565392304,46.199898,30.752314,0.0,46.199898,30.752314,2016-10-21 01:00:00,73,0.0,POINT (30.665362565392304 45.959932659578826)
338,0.0,0.0,0.0,0.0,45.96193376352143,30.669402544724353,46.199898,30.752314,0.0,46.199898,30.752314,2016-10-21 02:00:00,73,0.0,POINT (30.669402544724353 45.96193376352143)
339,0.0,0.0,0.0,0.0,45.964831990100976,30.67353884258963,46.199898,30.752314,0.0,46.199898,30.752314,2016-10-21 03:00:00,73,0.0,POINT (30.67353884258963 45.964831990100976)
340,0.0,0.0,0.0,0.0,45.96370327387172,30.670000598855264,46.199898,30.752314,0.0,46.199898,30.752314,2016-10-21 04:00:00,73,0.0,POINT (30.670000598855264 45.96370327387172)
341,0.0,0.0,0.0,0.0,45.96032314036585,30.66562784839332,46.199898,30.752314,0.0,46.199898,30.752314,2016-10-21 05:00:00,73,0.0,POINT (30.66562784839332 45.96032314036585)
342,0.0,0.0,0.0,0.0,45.96042320077175,30.664177936965547,46.199898,30.752314,0.0,46.199898,30.752314,2016-10-21 06:00:00,73,0.0,POINT (30.664177936965547 45.96042320077175)
343,0.0,0.0,0.0,0.0,45.95712871703468,30.660739871785072,46.199898,30.752314,0.0,46.199898,30.752314,2016-10-21 07:00:00,73,0.0,POINT (30.660739871785072 45.95712871703468)
344,0.0,0.0,0.0,0.0,45.95317272883714,30.656636867680938,46.199898,30.752314,0.0,46.199898,30.752314,2016-10-21 08:00:00,73,0.0,POINT (30.656636867680938 45.95317272883714)
345,0.0,0.0,0.0,0.0,45.95096067029702,30.647994899611472,46.199898,30.752314,0.0,46.199898,30.752314,2016-10-21 09:00:00,73,0.0,POINT (30.647994899611472 45.95096067029702)
346,0.0,0.0,0.0,0.0,45.951350768094805,30.646747630777554,46.199898,30.752314,0.0,46.199898,30.752314,2016-10-21 10:00:00,73,0.0,POINT (30.646747630777554 45.951350768094805)
347,0.0,0.0,0.0,0.0,45.95216402085313,30.645146740489807,46.199898,30.752314,0.0,46.199898,30.752314,2016-10-21 11:00:00,73,0.0,POINT (30.645146740489807 45.95216402085313)
348,0.0,0.0,0.0,0.0,45.95096922219359,30.645409806004388,46.199898,30.752314,0.0,46.199898,30.752314,2016-10-21 12:00:00,73,0.0,POINT (30.645409806004388 45.95096922219359)
349,0.0,0.0,0.0,0.0,45.950846849743186,30.64434676220313,46.199898,30.752314,0.0,46.199898,30.752314,2016-10-21 13:00:00,73,0.0,POINT (30.64434676220313 45.950846849743186)
350,0.0,0.0,0.0,0.0,45.954251679827735,30.642585752893027,46.199898,30.752314,0.0,46.199898,30.752314,2016-10-21 14:00:00,73,0.0,POINT (30.642585752893027 45.954251679827735)
351,0.0,0.0,0.0,0.0,45.95258516400529,30.641717872673805,46.199898,30.752314,0.0,46.199898,30.752314,2016-10-21 15:00:00,73,0.0,POINT (30.641717872673805 45.95258516400529)
352,0.0,0.0,0.0,0.0,45.94859208185073,30.638141534137283,46.199898,30.752314,0.0,46.199898,30.752314,2016-10-21 16:00:00,73,0.0,POINT (30.638141534137283 45.94859208185073)
353,0.0,0.0,0.0,0.0,45.947090620567494,30.63982633372437,46.199898,30.752314,0.0,46.199898,30.752314,2016-10-21 17:00:00,73,0.0,POINT (30.63982633372437 45.947090620567494)
354,0.0,0.0,0.0,0.0,45.94678951675685,30.64141122415776,46.199898,30.752314,0.0,46.199898,30.752314,2016-10-21 18:00:00,73,0.0,POINT (30.64141122415776 45.94678951675685)
355,0.0,0.0,0.0,0.0,45.94528603196144,30.634660889639324,46.199898,30.752314,0.0,46.199898,30.752314,2016-10-21 19:00:00,73,0.0,POINT (30.634660889639324 45.94528603196144)
356,0.0,0.0,0.0,0.0,45.94926898189968,30.626806095107455,46.199898,30.752314,0.0,46.199898,30.752314,2016-10-21 20:00:00,73,0.0,POINT (30.626806095107455 45.94926898189968)
357,0.0,0.0,0.0,0.0,45.95132577933482,30.624047122132524,46.199898,30.752314,0.0,46.199898,30.752314,2016-10-21 21:00:00,73,0.0,POINT (30.624047122132524 45.95132577933482)
358,0.0,0.0,0.0,0.0,45.94856174830339,30.621903736320203,46.199898,30.752314,0.0,46.199898,30.752314,2016-10-21 22:00:00,73,0.0,POINT (30.621903736320203 45.94856174830339)
359,0.0,0.0,0.0,0.0,45.948281871909096,30.62497177428772,46.199898,30.752314,0.0,46.199898,30.752314,2016-10-21 23:00:00,73,0.0,POINT (30.62497177428772 45.948281871909096)
360,0.0,0.0,0.0,0.0,45.944609894993604,30.63274748664242,46.199898,30.752314,0.0,46.199898,30.752314,2016-10-22 00:00:00,73,0.0,POINT (30.63274748664242 45.944609894993604)
361,0.0,0.0,0.0,0.0,45.941932648765295,30.63611554096599,46.199898,30.752314,0.0,46.199898,30.752314,2016-10-22 01:00:00,73,0.0,POINT (30.63611554096599 45.941932648765295)
362,0.0,0.0,0.0,0.0,45.94450601374457,30.639157320348666,46.199898,30.752314,0.0,46.199898,30.752314,2016-10-22 02:00:00,73,0.0,POINT (30.639157320348666 45.94450601374457)
363,0.0,0.0,0.0,0.0,45.948657473456976,30.640219399015574,46.199898,30.752314,0.0,46.199898,30.752314,2016-10-22 03:00:00,73,0.0,POINT (30.640219399015574 45.948657473456976)
364,0.0,0.0,0.0,0.0,45.944573828230624,30.640976405802945,46.199898,30.752314,0.0,46.199898,30.752314,2016-10-22 04:00:00,73,0.0,POINT (30.640976405802945 45.944573828230624)
365,0.0,0.0,0.0,0.0,45.94053328770176,30.63661000783182,46.199898,30.752314,0.0,46.199898,30.752314,2016-10-22 05:00:00,73,0.0,POINT (30.63661000783182 45.94053328770176)
366,0.0,0.0,0.0,0.0,45.93927083987634,30.634103199732667,46.199898,30.752314,0.0,46.199898,30.752314,2016-10-22 06:00:00,73,0.0,POINT (30.634103199732667 45.93927083987634)
367,0.0,0.0,0.0,0.0,45.93752652910799,30.62954180346829,46.199898,30.752314,0.0,46.199898,30.752314,2016-10-22 07:00:00,73,0.0,POINT (30.62954180346829 45.93752652910799)
